ID	Действие	Старый URL	Итоговый URL	Файл в репозитории	Canonical URL	Индексируемость	Статус публикации
1	KEEP	/	/	site_mirror/index.html	https://raskrutov.kz/	index, follow	Опубликована (sitemap)
2	KEEP	/web-studiya	/web-studiya	site_mirror/web-studiya/index.html	https://raskrutov.kz/web-studiya	index, follow	Опубликована (sitemap)
3	UPDATE	/sozdanie-saitov; /web-studiya/sozdanie-saitov	/sozdanie-saitov	site_mirror/sozdanie-saitov/index.html	https://raskrutov.kz/sozdanie-saitov	index, follow	Старый URL с данными GSC; сохранить и проверить доступность
4	KEEP	/web-studiya/sozdanie-saitov/landing	/web-studiya/sozdanie-saitov/landing	site_mirror/web-studiya/sozdanie-saitov/landing/index.html	https://raskrutov.kz/web-studiya/sozdanie-saitov/landing	index, follow	Опубликована (sitemap)
5	NEW	/web-studiya/sozdanie-saitov/mnogostranichnye-sayty	/web-studiya/sozdanie-saitov/mnogostranichnye-sayty	site_mirror/web-studiya/sozdanie-saitov/mnogostranichnye-sayty/index.html	https://raskrutov.kz/web-studiya/sozdanie-saitov/mnogostranichnye-sayty	index, follow	Не опубликована
6	NEW	/web-studiya/sozdanie-saitov/korporativnyy-sayt	/web-studiya/sozdanie-saitov/korporativnyy-sayt	site_mirror/web-studiya/sozdanie-saitov/korporativnyy-sayt/index.html	https://raskrutov.kz/web-studiya/sozdanie-saitov/korporativnyy-sayt	index, follow	Не опубликована
7	NEW	/web-studiya/sozdanie-saitov/internet-magazin	/web-studiya/sozdanie-saitov/internet-magazin	site_mirror/web-studiya/sozdanie-saitov/internet-magazin/index.html	https://raskrutov.kz/web-studiya/sozdanie-saitov/internet-magazin	index, follow	Не опубликована
8	UPDATE	/sozdanie-onlain-shkol-i-kursov; /web-studiya/sozdanie-saitov/onlayn-shkola	/sozdanie-onlain-shkol-i-kursov	site_mirror/sozdanie-onlain-shkol-i-kursov/index.html	https://raskrutov.kz/sozdanie-onlain-shkol-i-kursov	index, follow	Старый URL с данными GSC; сохранить и проверить доступность
9	NEW	/web-studiya/sozdanie-saitov/sayt-vizitka	/web-studiya/sozdanie-saitov/sayt-vizitka	site_mirror/web-studiya/sozdanie-saitov/sayt-vizitka/index.html	https://raskrutov.kz/web-studiya/sozdanie-saitov/sayt-vizitka	index, follow	Не опубликована
10	NEW	/web-studiya/sozdanie-saitov/redizayn-sayta	/web-studiya/sozdanie-saitov/redizayn-sayta	site_mirror/web-studiya/sozdanie-saitov/redizayn-sayta/index.html	https://raskrutov.kz/web-studiya/sozdanie-saitov/redizayn-sayta	index, follow	Не опубликована
11	NEW	/web-studiya/sozdanie-saitov/integratsii	/web-studiya/sozdanie-saitov/integratsii	site_mirror/web-studiya/sozdanie-saitov/integratsii/index.html	https://raskrutov.kz/web-studiya/sozdanie-saitov/integratsii	index, follow	Не опубликована
12	UPDATE	/sozdanie-saitov-s-1c-integraciya	/sozdanie-saitov-s-1c-integraciya	site_mirror/sozdanie-saitov-s-1c-integraciya/index.html	https://raskrutov.kz/sozdanie-saitov-s-1c-integraciya	index, follow	Старый URL с данными GSC; сохранить и проверить доступность
13	NEW	/web-studiya/sozdanie-saitov/onlayn-kalkulyatory	/web-studiya/sozdanie-saitov/onlayn-kalkulyatory	site_mirror/web-studiya/sozdanie-saitov/onlayn-kalkulyatory/index.html	https://raskrutov.kz/web-studiya/sozdanie-saitov/onlayn-kalkulyatory	index, follow	Не опубликована
14	NEW	/web-studiya/sozdanie-saitov/ai-konsultanty	/web-studiya/sozdanie-saitov/ai-konsultanty	site_mirror/web-studiya/sozdanie-saitov/ai-konsultanty/index.html	https://raskrutov.kz/web-studiya/sozdanie-saitov/ai-konsultanty	index, follow	Не опубликована
15	UPDATE	/sozdanie-saitov-v-Petropavlovske	/sozdanie-saitov-v-Petropavlovske	site_mirror/sozdanie-saitov-v-Petropavlovske/index.html	https://raskrutov.kz/sozdanie-saitov-v-Petropavlovske	index, follow	Старый URL с данными GSC; сохранить и проверить доступность
16	UPDATE	/sozdanie-saitov-v-astane	/sozdanie-saitov-v-astane	site_mirror/sozdanie-saitov-v-astane/index.html	https://raskrutov.kz/sozdanie-saitov-v-astane	index, follow	Старый URL с данными GSC; сохранить и проверить доступность
17	UPDATE	/sozdanie-saitov-v-almaty	/sozdanie-saitov-v-almaty	site_mirror/sozdanie-saitov-v-almaty/index.html	https://raskrutov.kz/sozdanie-saitov-v-almaty	index, follow	Старый URL с данными GSC; сохранить и проверить доступность
18	UPDATE	/sozdanie-saitov-v-shimkente	/sozdanie-saitov-v-shimkente	site_mirror/sozdanie-saitov-v-shimkente/index.html	https://raskrutov.kz/sozdanie-saitov-v-shimkente	index, follow	Старый URL с данными GSC; сохранить и проверить доступность
19	UPDATE	/sozdanie-saitov-v-karagande	/sozdanie-saitov-v-karagande	site_mirror/sozdanie-saitov-v-karagande/index.html	https://raskrutov.kz/sozdanie-saitov-v-karagande	index, follow	Старый URL с данными GSC; сохранить и проверить доступность
20	KEEP	/web-studiya/dizayn	/web-studiya/dizayn	site_mirror/web-studiya/dizayn/index.html	https://raskrutov.kz/web-studiya/dizayn	index, follow	Опубликована (sitemap)
21	NEW	/web-studiya/dizayn/neyming	/web-studiya/dizayn/neyming	site_mirror/web-studiya/dizayn/neyming/index.html	https://raskrutov.kz/web-studiya/dizayn/neyming	index, follow	Не опубликована
22	NEW	/web-studiya/dizayn/brendbuk	/web-studiya/dizayn/brendbuk	site_mirror/web-studiya/dizayn/brendbuk/index.html	https://raskrutov.kz/web-studiya/dizayn/brendbuk	index, follow	Не опубликована
23	NEW	/web-studiya/dizayn/logotip	/web-studiya/dizayn/logotip	site_mirror/web-studiya/dizayn/logotip/index.html	https://raskrutov.kz/web-studiya/dizayn/logotip	index, follow	Не опубликована
24	UPDATE	/seo-prodvizhenie-sajtov; /web-studiya/seo-prodvizhenie	/seo-prodvizhenie-sajtov	site_mirror/seo-prodvizhenie-sajtov/index.html	https://raskrutov.kz/seo-prodvizhenie-sajtov	index, follow	Старый URL с данными GSC; сохранить и проверить доступность
25	NEW	/web-studiya/seo-prodvizhenie/google	/web-studiya/seo-prodvizhenie/google	site_mirror/web-studiya/seo-prodvizhenie/google/index.html	https://raskrutov.kz/web-studiya/seo-prodvizhenie/google	index, follow	Не опубликована
26	NEW	/web-studiya/seo-prodvizhenie/yandex	/web-studiya/seo-prodvizhenie/yandex	site_mirror/web-studiya/seo-prodvizhenie/yandex/index.html	https://raskrutov.kz/web-studiya/seo-prodvizhenie/yandex	index, follow	Не опубликована
27	UPDATE	/seo-prodvizhenie-sajtov-v-petropavlovske	/seo-prodvizhenie-sajtov-v-petropavlovske	site_mirror/seo-prodvizhenie-sajtov-v-petropavlovske/index.html	https://raskrutov.kz/seo-prodvizhenie-sajtov-v-petropavlovske	index, follow	Старый URL с данными GSC; сохранить и проверить доступность
28	UPDATE	/seo-prodvizhenie-sajtov-v-astane	/seo-prodvizhenie-sajtov-v-astane	site_mirror/seo-prodvizhenie-sajtov-v-astane/index.html	https://raskrutov.kz/seo-prodvizhenie-sajtov-v-astane	index, follow	Старый URL с данными GSC; сохранить и проверить доступность
29	UPDATE	/seo-prodvizhenie-sajtov-v-almaty	/seo-prodvizhenie-sajtov-v-almaty	site_mirror/seo-prodvizhenie-sajtov-v-almaty/index.html	https://raskrutov.kz/seo-prodvizhenie-sajtov-v-almaty	index, follow	Старый URL с данными GSC; сохранить и проверить доступность
30	UPDATE	/seo-prodvizhenie-sajtov-v-shimkente	/seo-prodvizhenie-sajtov-v-shimkente	site_mirror/seo-prodvizhenie-sajtov-v-shimkente/index.html	https://raskrutov.kz/seo-prodvizhenie-sajtov-v-shimkente	index, follow	Старый URL с данными GSC; сохранить и проверить доступность
31	UPDATE	/seo-prodvizhenie-sajtov-v-karagande	/seo-prodvizhenie-sajtov-v-karagande	site_mirror/seo-prodvizhenie-sajtov-v-karagande/index.html	https://raskrutov.kz/seo-prodvizhenie-sajtov-v-karagande	index, follow	Старый URL с данными GSC; сохранить и проверить доступность
32	KEEP	/web-studiya/aeo-prodvizhenie; /web-studiya/aeo-geo-prodvizhenie	/web-studiya/aeo-geo-prodvizhenie	site_mirror/web-studiya/aeo-geo-prodvizhenie/index.html	https://raskrutov.kz/web-studiya/aeo-geo-prodvizhenie	index, follow	Опубликована (sitemap)
33	KEEP	/web-studiya/kontekstnaya-reklama	/web-studiya/kontekstnaya-reklama	site_mirror/web-studiya/kontekstnaya-reklama/index.html	https://raskrutov.kz/web-studiya/kontekstnaya-reklama	index, follow	Опубликована (sitemap)
34	UPDATE	/contextnaya-reklama-google; /web-studiya/kontekstnaya-reklama/google-ads	/contextnaya-reklama-google	site_mirror/contextnaya-reklama-google/index.html	https://raskrutov.kz/contextnaya-reklama-google	index, follow	Старый URL с данными GSC; сохранить и проверить доступность
35	UPDATE	/contextnaya-reklama-yandex; /web-studiya/kontekstnaya-reklama/yandex-direct	/contextnaya-reklama-yandex	site_mirror/contextnaya-reklama-yandex/index.html	https://raskrutov.kz/contextnaya-reklama-yandex	index, follow	Старый URL с данными GSC; сохранить и проверить доступность
36	KEEP	/web-studiya/lidogeneratsiya	/web-studiya/lidogeneratsiya	site_mirror/web-studiya/lidogeneratsiya/index.html	https://raskrutov.kz/web-studiya/lidogeneratsiya	index, follow	Опубликована (sitemap)
37	KEEP	/web-studiya/podderzhka-saytov	/web-studiya/podderzhka-saytov	site_mirror/web-studiya/podderzhka-saytov/index.html	https://raskrutov.kz/web-studiya/podderzhka-saytov	index, follow	Опубликована (sitemap)
38	KEEP	/web-studiya/digital-konsalting	/web-studiya/digital-konsalting	site_mirror/web-studiya/digital-konsalting/index.html	https://raskrutov.kz/web-studiya/digital-konsalting	index, follow	Опубликована (sitemap)
39	NEW	/web-studiya/digital-konsalting/audit-sayta	/web-studiya/digital-konsalting/audit-sayta	site_mirror/web-studiya/digital-konsalting/audit-sayta/index.html	https://raskrutov.kz/web-studiya/digital-konsalting/audit-sayta	index, follow	Не опубликована
40	NEW	/web-studiya/digital-konsalting/audit-prodvizheniya	/web-studiya/digital-konsalting/audit-prodvizheniya	site_mirror/web-studiya/digital-konsalting/audit-prodvizheniya/index.html	https://raskrutov.kz/web-studiya/digital-konsalting/audit-prodvizheniya	index, follow	Не опубликована
41	NEW	/web-studiya/digital-konsalting/digital-strategiya	/web-studiya/digital-konsalting/digital-strategiya	site_mirror/web-studiya/digital-konsalting/digital-strategiya/index.html	https://raskrutov.kz/web-studiya/digital-konsalting/digital-strategiya	index, follow	Не опубликована
42	NEW	/web-studiya/digital-konsalting/konsultatsiya-dlya-biznesa	/web-studiya/digital-konsalting/konsultatsiya-dlya-biznesa	site_mirror/web-studiya/digital-konsalting/konsultatsiya-dlya-biznesa/index.html	https://raskrutov.kz/web-studiya/digital-konsalting/konsultatsiya-dlya-biznesa	index, follow	Не опубликована
43	NEW	/crm	/crm	site_mirror/crm/index.html	https://raskrutov.kz/crm	index, follow	Не опубликована
44	NEW	/crm/vnedrenie-crm	/crm/vnedrenie-crm	site_mirror/crm/vnedrenie-crm/index.html	https://raskrutov.kz/crm/vnedrenie-crm	index, follow	Не опубликована
45	NEW	/crm/avtomatizatsiya-prodazh	/crm/avtomatizatsiya-prodazh	site_mirror/crm/avtomatizatsiya-prodazh/index.html	https://raskrutov.kz/crm/avtomatizatsiya-prodazh	index, follow	Не опубликована
46	NEW	/crm/integratsiya-s-crm	/crm/integratsiya-s-crm	site_mirror/crm/integratsiya-s-crm/index.html	https://raskrutov.kz/crm/integratsiya-s-crm	index, follow	Не опубликована
47	KEEP	/akademiya	/akademiya	site_mirror/akademiya/index.html	https://raskrutov.kz/akademiya	index, follow	Опубликована (sitemap)
48	NEW	/akademiya/obuchenie-sozdaniyu-saytov	/akademiya/obuchenie-sozdaniyu-saytov	site_mirror/akademiya/obuchenie-sozdaniyu-saytov/index.html	https://raskrutov.kz/akademiya/obuchenie-sozdaniyu-saytov	index, follow	Не опубликована
49	NEW	/akademiya/obuchenie-seo-aeo	/akademiya/obuchenie-seo-aeo	site_mirror/akademiya/obuchenie-seo-aeo/index.html	https://raskrutov.kz/akademiya/obuchenie-seo-aeo	index, follow	Не опубликована
50	NEW	/akademiya/obuchenie-r-builder	/akademiya/obuchenie-r-builder	site_mirror/akademiya/obuchenie-r-builder/index.html	https://raskrutov.kz/akademiya/obuchenie-r-builder	index, follow	Не опубликована
51	NEW	/akademiya/korporativnoe-obuchenie	/akademiya/korporativnoe-obuchenie	site_mirror/akademiya/korporativnoe-obuchenie/index.html	https://raskrutov.kz/akademiya/korporativnoe-obuchenie	index, follow	Не опубликована
52	KEEP	/r-builder	/r-builder	site_mirror/r-builder/index.html	https://raskrutov.kz/r-builder	index, follow	Опубликована (sitemap)
53	NEW	/r-builder/chto-takoe-r-builder	/r-builder/chto-takoe-r-builder	site_mirror/r-builder/chto-takoe-r-builder/index.html	https://raskrutov.kz/r-builder/chto-takoe-r-builder	index, follow	Не опубликована
54	NEW	/r-builder/ai-r-builder	/r-builder/ai-r-builder	site_mirror/r-builder/ai-r-builder/index.html	https://raskrutov.kz/r-builder/ai-r-builder	index, follow	Не опубликована
55	NEW	/r-builder/vozmozhnosti	/r-builder/vozmozhnosti	site_mirror/r-builder/vozmozhnosti/index.html	https://raskrutov.kz/r-builder/vozmozhnosti	index, follow	Не опубликована
56	NEW	/r-builder/dlya-biznesa	/r-builder/dlya-biznesa	site_mirror/r-builder/dlya-biznesa/index.html	https://raskrutov.kz/r-builder/dlya-biznesa	index, follow	Не опубликована
57	KEEP	/partneram	/partneram	site_mirror/partneram/index.html	https://raskrutov.kz/partneram	index, follow	Опубликована (sitemap)
58	NEW	/partneram/franshiza	/partneram/franshiza	site_mirror/partneram/franshiza/index.html	https://raskrutov.kz/partneram/franshiza	index, follow	Не опубликована
59	NEW	/partneram/pakety-partnerstva	/partneram/pakety-partnerstva	site_mirror/partneram/pakety-partnerstva/index.html	https://raskrutov.kz/partneram/pakety-partnerstva	index, follow	Не опубликована
60	NEW	/partneram/dlya-reklamnyh-agentstv	/partneram/dlya-reklamnyh-agentstv	site_mirror/partneram/dlya-reklamnyh-agentstv/index.html	https://raskrutov.kz/partneram/dlya-reklamnyh-agentstv	index, follow	Не опубликована
61	NEW	/partneram/deystvuyushchie-partnery	/partneram/deystvuyushchie-partnery	site_mirror/partneram/deystvuyushchie-partnery/index.html	https://raskrutov.kz/partneram/deystvuyushchie-partnery	index, follow	Не опубликована
62	KEEP	/keysy	/keysy	site_mirror/keysy/index.html	https://raskrutov.kz/keysy	index, follow	Опубликована (sitemap)
63	KEEP	/keysy/sayty	/keysy/sayty	site_mirror/keysy/sayty/index.html	https://raskrutov.kz/keysy/sayty	index, follow	Опубликована (sitemap)
64	UPDATE	/kejs-proizvodstvennaya-kompaniya-v-astane	/kejs-proizvodstvennaya-kompaniya-v-astane	site_mirror/kejs-proizvodstvennaya-kompaniya-v-astane/index.html	https://raskrutov.kz/kejs-proizvodstvennaya-kompaniya-v-astane	index, follow	Старый URL с данными GSC; сохранить и проверить доступность
65	UPDATE	/kejs-raki	/kejs-raki	site_mirror/kejs-raki/index.html	https://raskrutov.kz/kejs-raki	index, follow	Старый URL с данными GSC; сохранить и проверить доступность
66	UPDATE	/kejs-teplyj-pol	/kejs-teplyj-pol	site_mirror/kejs-teplyj-pol/index.html	https://raskrutov.kz/kejs-teplyj-pol	index, follow	Старый URL с данными GSC; сохранить и проверить доступность
67	UPDATE	/kejs-laminat	/kejs-laminat	site_mirror/kejs-laminat/index.html	https://raskrutov.kz/kejs-laminat	index, follow	Старый URL с данными GSC; сохранить и проверить доступность
68	KEEP	/keysy/prodvizhenie	/keysy/prodvizhenie	site_mirror/keysy/prodvizhenie/index.html	https://raskrutov.kz/keysy/prodvizhenie	index, follow	Опубликована (sitemap)
69	NEW	/keysy/crm	/keysy/crm	site_mirror/keysy/crm/index.html	https://raskrutov.kz/keysy/crm	index, follow	Не опубликована
70	NEW	/keysy/akademiya	/keysy/akademiya	site_mirror/keysy/akademiya/index.html	https://raskrutov.kz/keysy/akademiya	index, follow	Не опубликована
71	NEW	/keysy/partnery	/keysy/partnery	site_mirror/keysy/partnery/index.html	https://raskrutov.kz/keysy/partnery	index, follow	Не опубликована
72	KEEP	/faq	/faq	site_mirror/faq/index.html	https://raskrutov.kz/faq	index, follow	Опубликована (sitemap)
73	KEEP	/o-kompanii	/o-kompanii	site_mirror/o-kompanii/index.html	https://raskrutov.kz/o-kompanii	index, follow	Опубликована (sitemap)
74	UPDATE	/about-us; /o-kompanii/o-nas	/about-us	site_mirror/about-us/index.html	https://raskrutov.kz/about-us	index, follow	Старый URL с данными GSC; сохранить и проверить доступность
75	KEEP	/o-kompanii/komanda	/o-kompanii/komanda	site_mirror/o-kompanii/komanda/index.html	https://raskrutov.kz/o-kompanii/komanda	index, follow	Опубликована (sitemap)
76	NEW	/o-kompanii/blagodarstvennye-pisma	/o-kompanii/blagodarstvennye-pisma	site_mirror/o-kompanii/blagodarstvennye-pisma/index.html	https://raskrutov.kz/o-kompanii/blagodarstvennye-pisma	index, follow	Не опубликована
77	UPDATE	/nashi-klienti; /o-kompanii/klienty	/nashi-klienti	site_mirror/nashi-klienti/index.html	https://raskrutov.kz/nashi-klienti	index, follow	Старый URL с данными GSC; сохранить и проверить доступность
78	NEW	/o-kompanii/vakansii	/o-kompanii/vakansii	site_mirror/o-kompanii/vakansii/index.html	https://raskrutov.kz/o-kompanii/vakansii	index, follow	Не опубликована
79	UPDATE	/otzivi	/otzivi	site_mirror/otzivi/index.html	https://raskrutov.kz/otzivi	index, follow	Старый URL с данными GSC; сохранить и проверить доступность
80	UPDATE	/about-founder	/about-founder	site_mirror/about-founder/index.html	https://raskrutov.kz/about-founder	index, follow	Старый URL с данными GSC; сохранить и проверить доступность
81	NEW	/o-kompanii/blog	/blog	site_mirror/blog/index.html	https://raskrutov.kz/blog	index, follow	Не опубликована
82	UPDATE	/sozdanie-sajtov-v-kazakhstane-kak-vybrat-podkhodyashchuyu-platformu	/sozdanie-sajtov-v-kazakhstane-kak-vybrat-podkhodyashchuyu-platformu	site_mirror/sozdanie-sajtov-v-kazakhstane-kak-vybrat-podkhodyashchuyu-platformu/index.html	https://raskrutov.kz/sozdanie-sajtov-v-kazakhstane-kak-vybrat-podkhodyashchuyu-platformu	index, follow	Старый URL с данными GSC; сохранить и проверить доступность
83	UPDATE	/sozdanie-sajtov-v-petropavlovske-kak-vybrat-dizajn-kotoryj-privlekaet-klientov	/sozdanie-sajtov-v-petropavlovske-kak-vybrat-dizajn-kotoryj-privlekaet-klientov	site_mirror/sozdanie-sajtov-v-petropavlovske-kak-vybrat-dizajn-kotoryj-privlekaet-klientov/index.html	https://raskrutov.kz/sozdanie-sajtov-v-petropavlovske-kak-vybrat-dizajn-kotoryj-privlekaet-klientov	index, follow	Старый URL с данными GSC; сохранить и проверить доступность
84	UPDATE	/sozdanie-sajtov-v-petropavlovske-kak-vybrat-luchshuyu-veb-studiyu	/sozdanie-sajtov-v-petropavlovske-kak-vybrat-luchshuyu-veb-studiyu	site_mirror/sozdanie-sajtov-v-petropavlovske-kak-vybrat-luchshuyu-veb-studiyu/index.html	https://raskrutov.kz/sozdanie-sajtov-v-petropavlovske-kak-vybrat-luchshuyu-veb-studiyu	index, follow	Старый URL с данными GSC; сохранить и проверить доступность
85	UPDATE	/strategii-prodvizheniya-sajtov-v-kazakhstane	/strategii-prodvizheniya-sajtov-v-kazakhstane	site_mirror/strategii-prodvizheniya-sajtov-v-kazakhstane/index.html	https://raskrutov.kz/strategii-prodvizheniya-sajtov-v-kazakhstane	index, follow	Старый URL с данными GSC; сохранить и проверить доступность
86	UPDATE	/seo-prodvizhenie-v-almaty-polnyj-gid-dlya-biznesa	/seo-prodvizhenie-v-almaty-polnyj-gid-dlya-biznesa	site_mirror/seo-prodvizhenie-v-almaty-polnyj-gid-dlya-biznesa/index.html	https://raskrutov.kz/seo-prodvizhenie-v-almaty-polnyj-gid-dlya-biznesa	index, follow	Старый URL с данными GSC; сохранить и проверить доступность
87	UPDATE	/seo-prodvizhenie-v-petropavlovske-polnyj-gid-dlya-biznesa	/seo-prodvizhenie-v-petropavlovske-polnyj-gid-dlya-biznesa	site_mirror/seo-prodvizhenie-v-petropavlovske-polnyj-gid-dlya-biznesa/index.html	https://raskrutov.kz/seo-prodvizhenie-v-petropavlovske-polnyj-gid-dlya-biznesa	index, follow	Старый URL с данными GSC; сохранить и проверить доступность
88	UPDATE	/mobilnaya-versiya-sajta	/mobilnaya-versiya-sajta	site_mirror/mobilnaya-versiya-sajta/index.html	https://raskrutov.kz/mobilnaya-versiya-sajta	index, follow	Старый URL с данными GSC; сохранить и проверить доступность
89	UPDATE	/vazhnost-kontekstnoj-reklamy-dlya-biznesa	/vazhnost-kontekstnoj-reklamy-dlya-biznesa	site_mirror/vazhnost-kontekstnoj-reklamy-dlya-biznesa/index.html	https://raskrutov.kz/vazhnost-kontekstnoj-reklamy-dlya-biznesa	index, follow	Старый URL с данными GSC; сохранить и проверить доступность
90	UPDATE	/kontekstnaya-reklama-v-kazakhstane-kak-dobitsya-uspekha-	/kontekstnaya-reklama-v-kazakhstane-kak-dobitsya-uspekha-	site_mirror/kontekstnaya-reklama-v-kazakhstane-kak-dobitsya-uspekha-/index.html	https://raskrutov.kz/kontekstnaya-reklama-v-kazakhstane-kak-dobitsya-uspekha-	index, follow	Старый URL с данными GSC; сохранить и проверить доступность
91	UPDATE	/kontakti; /kontakty	/kontakti	site_mirror/kontakti/index.html	https://raskrutov.kz/kontakti	index, follow	Старый URL с данными GSC; сохранить и проверить доступность
92	NEW		/politika-konfidencialnosti	site_mirror/politika-konfidencialnosti/index.html	https://raskrutov.kz/politika-konfidencialnosti	noindex, follow	Не опубликована
93	NEW		/soglasie-na-obrabotku-personalnyh-dannyh	site_mirror/soglasie-na-obrabotku-personalnyh-dannyh/index.html	https://raskrutov.kz/soglasie-na-obrabotku-personalnyh-dannyh	noindex, follow	Не опубликована
94	NEW		/publichnaya-oferta	site_mirror/publichnaya-oferta/index.html	https://raskrutov.kz/publichnaya-oferta	noindex, follow	Не опубликована
95	NEW		/web-studiya/almaty	site_mirror/web-studiya/almaty/index.html	https://raskrutov.kz/web-studiya/almaty	index, follow после QA уникальности	Запланирована (региональное расширение)
96	NEW		/web-studiya/dizayn/almaty	site_mirror/web-studiya/dizayn/almaty/index.html	https://raskrutov.kz/web-studiya/dizayn/almaty	index, follow после QA уникальности	Запланирована (региональное расширение)
97	NEW		/web-studiya/aeo-geo-prodvizhenie/almaty	site_mirror/web-studiya/aeo-geo-prodvizhenie/almaty/index.html	https://raskrutov.kz/web-studiya/aeo-geo-prodvizhenie/almaty	index, follow после QA уникальности	Запланирована (региональное расширение)
98	NEW		/web-studiya/kontekstnaya-reklama/almaty	site_mirror/web-studiya/kontekstnaya-reklama/almaty/index.html	https://raskrutov.kz/web-studiya/kontekstnaya-reklama/almaty	index, follow после QA уникальности	Запланирована (региональное расширение)
99	NEW		/web-studiya/lidogeneratsiya/almaty	site_mirror/web-studiya/lidogeneratsiya/almaty/index.html	https://raskrutov.kz/web-studiya/lidogeneratsiya/almaty	index, follow после QA уникальности	Запланирована (региональное расширение)
100	NEW		/web-studiya/podderzhka-saytov/almaty	site_mirror/web-studiya/podderzhka-saytov/almaty/index.html	https://raskrutov.kz/web-studiya/podderzhka-saytov/almaty	index, follow после QA уникальности	Запланирована (региональное расширение)
101	NEW		/web-studiya/digital-konsalting/almaty	site_mirror/web-studiya/digital-konsalting/almaty/index.html	https://raskrutov.kz/web-studiya/digital-konsalting/almaty	index, follow после QA уникальности	Запланирована (региональное расширение)
102	NEW		/web-studiya/astana	site_mirror/web-studiya/astana/index.html	https://raskrutov.kz/web-studiya/astana	index, follow после QA уникальности	Запланирована (региональное расширение)
103	NEW		/web-studiya/dizayn/astana	site_mirror/web-studiya/dizayn/astana/index.html	https://raskrutov.kz/web-studiya/dizayn/astana	index, follow после QA уникальности	Запланирована (региональное расширение)
104	NEW		/web-studiya/aeo-geo-prodvizhenie/astana	site_mirror/web-studiya/aeo-geo-prodvizhenie/astana/index.html	https://raskrutov.kz/web-studiya/aeo-geo-prodvizhenie/astana	index, follow после QA уникальности	Запланирована (региональное расширение)
105	NEW		/web-studiya/kontekstnaya-reklama/astana	site_mirror/web-studiya/kontekstnaya-reklama/astana/index.html	https://raskrutov.kz/web-studiya/kontekstnaya-reklama/astana	index, follow после QA уникальности	Запланирована (региональное расширение)
106	NEW		/web-studiya/lidogeneratsiya/astana	site_mirror/web-studiya/lidogeneratsiya/astana/index.html	https://raskrutov.kz/web-studiya/lidogeneratsiya/astana	index, follow после QA уникальности	Запланирована (региональное расширение)
107	NEW		/web-studiya/podderzhka-saytov/astana	site_mirror/web-studiya/podderzhka-saytov/astana/index.html	https://raskrutov.kz/web-studiya/podderzhka-saytov/astana	index, follow после QA уникальности	Запланирована (региональное расширение)
108	NEW		/web-studiya/digital-konsalting/astana	site_mirror/web-studiya/digital-konsalting/astana/index.html	https://raskrutov.kz/web-studiya/digital-konsalting/astana	index, follow после QA уникальности	Запланирована (региональное расширение)
109	NEW		/web-studiya/shymkent	site_mirror/web-studiya/shymkent/index.html	https://raskrutov.kz/web-studiya/shymkent	index, follow после QA уникальности	Запланирована (региональное расширение)
110	NEW		/web-studiya/dizayn/shymkent	site_mirror/web-studiya/dizayn/shymkent/index.html	https://raskrutov.kz/web-studiya/dizayn/shymkent	index, follow после QA уникальности	Запланирована (региональное расширение)
111	NEW		/web-studiya/aeo-geo-prodvizhenie/shymkent	site_mirror/web-studiya/aeo-geo-prodvizhenie/shymkent/index.html	https://raskrutov.kz/web-studiya/aeo-geo-prodvizhenie/shymkent	index, follow после QA уникальности	Запланирована (региональное расширение)
112	NEW		/web-studiya/kontekstnaya-reklama/shymkent	site_mirror/web-studiya/kontekstnaya-reklama/shymkent/index.html	https://raskrutov.kz/web-studiya/kontekstnaya-reklama/shymkent	index, follow после QA уникальности	Запланирована (региональное расширение)
113	NEW		/web-studiya/lidogeneratsiya/shymkent	site_mirror/web-studiya/lidogeneratsiya/shymkent/index.html	https://raskrutov.kz/web-studiya/lidogeneratsiya/shymkent	index, follow после QA уникальности	Запланирована (региональное расширение)
114	NEW		/web-studiya/podderzhka-saytov/shymkent	site_mirror/web-studiya/podderzhka-saytov/shymkent/index.html	https://raskrutov.kz/web-studiya/podderzhka-saytov/shymkent	index, follow после QA уникальности	Запланирована (региональное расширение)
115	NEW		/web-studiya/digital-konsalting/shymkent	site_mirror/web-studiya/digital-konsalting/shymkent/index.html	https://raskrutov.kz/web-studiya/digital-konsalting/shymkent	index, follow после QA уникальности	Запланирована (региональное расширение)
116	NEW		/web-studiya/aktau	site_mirror/web-studiya/aktau/index.html	https://raskrutov.kz/web-studiya/aktau	index, follow после QA уникальности	Запланирована (региональное расширение)
117	NEW		/sozdanie-saitov-v-aktau	site_mirror/sozdanie-saitov-v-aktau/index.html	https://raskrutov.kz/sozdanie-saitov-v-aktau	index, follow после QA уникальности	Запланирована (региональное расширение)
118	NEW		/web-studiya/dizayn/aktau	site_mirror/web-studiya/dizayn/aktau/index.html	https://raskrutov.kz/web-studiya/dizayn/aktau	index, follow после QA уникальности	Запланирована (региональное расширение)
119	NEW		/seo-prodvizhenie-sajtov-v-aktau	site_mirror/seo-prodvizhenie-sajtov-v-aktau/index.html	https://raskrutov.kz/seo-prodvizhenie-sajtov-v-aktau	index, follow после QA уникальности	Запланирована (региональное расширение)
120	NEW		/web-studiya/aeo-geo-prodvizhenie/aktau	site_mirror/web-studiya/aeo-geo-prodvizhenie/aktau/index.html	https://raskrutov.kz/web-studiya/aeo-geo-prodvizhenie/aktau	index, follow после QA уникальности	Запланирована (региональное расширение)
121	NEW		/web-studiya/kontekstnaya-reklama/aktau	site_mirror/web-studiya/kontekstnaya-reklama/aktau/index.html	https://raskrutov.kz/web-studiya/kontekstnaya-reklama/aktau	index, follow после QA уникальности	Запланирована (региональное расширение)
122	NEW		/web-studiya/lidogeneratsiya/aktau	site_mirror/web-studiya/lidogeneratsiya/aktau/index.html	https://raskrutov.kz/web-studiya/lidogeneratsiya/aktau	index, follow после QA уникальности	Запланирована (региональное расширение)
123	NEW		/web-studiya/podderzhka-saytov/aktau	site_mirror/web-studiya/podderzhka-saytov/aktau/index.html	https://raskrutov.kz/web-studiya/podderzhka-saytov/aktau	index, follow после QA уникальности	Запланирована (региональное расширение)
124	NEW		/web-studiya/digital-konsalting/aktau	site_mirror/web-studiya/digital-konsalting/aktau/index.html	https://raskrutov.kz/web-studiya/digital-konsalting/aktau	index, follow после QA уникальности	Запланирована (региональное расширение)
125	NEW		/web-studiya/aktobe	site_mirror/web-studiya/aktobe/index.html	https://raskrutov.kz/web-studiya/aktobe	index, follow после QA уникальности	Запланирована (региональное расширение)
126	NEW		/sozdanie-saitov-v-aktobe	site_mirror/sozdanie-saitov-v-aktobe/index.html	https://raskrutov.kz/sozdanie-saitov-v-aktobe	index, follow после QA уникальности	Запланирована (региональное расширение)
127	NEW		/web-studiya/dizayn/aktobe	site_mirror/web-studiya/dizayn/aktobe/index.html	https://raskrutov.kz/web-studiya/dizayn/aktobe	index, follow после QA уникальности	Запланирована (региональное расширение)
128	NEW		/seo-prodvizhenie-sajtov-v-aktobe	site_mirror/seo-prodvizhenie-sajtov-v-aktobe/index.html	https://raskrutov.kz/seo-prodvizhenie-sajtov-v-aktobe	index, follow после QA уникальности	Запланирована (региональное расширение)
129	NEW		/web-studiya/aeo-geo-prodvizhenie/aktobe	site_mirror/web-studiya/aeo-geo-prodvizhenie/aktobe/index.html	https://raskrutov.kz/web-studiya/aeo-geo-prodvizhenie/aktobe	index, follow после QA уникальности	Запланирована (региональное расширение)
130	NEW		/web-studiya/kontekstnaya-reklama/aktobe	site_mirror/web-studiya/kontekstnaya-reklama/aktobe/index.html	https://raskrutov.kz/web-studiya/kontekstnaya-reklama/aktobe	index, follow после QA уникальности	Запланирована (региональное расширение)
131	NEW		/web-studiya/lidogeneratsiya/aktobe	site_mirror/web-studiya/lidogeneratsiya/aktobe/index.html	https://raskrutov.kz/web-studiya/lidogeneratsiya/aktobe	index, follow после QA уникальности	Запланирована (региональное расширение)
132	NEW		/web-studiya/podderzhka-saytov/aktobe	site_mirror/web-studiya/podderzhka-saytov/aktobe/index.html	https://raskrutov.kz/web-studiya/podderzhka-saytov/aktobe	index, follow после QA уникальности	Запланирована (региональное расширение)
133	NEW		/web-studiya/digital-konsalting/aktobe	site_mirror/web-studiya/digital-konsalting/aktobe/index.html	https://raskrutov.kz/web-studiya/digital-konsalting/aktobe	index, follow после QA уникальности	Запланирована (региональное расширение)
134	NEW		/web-studiya/atyrau	site_mirror/web-studiya/atyrau/index.html	https://raskrutov.kz/web-studiya/atyrau	index, follow после QA уникальности	Запланирована (региональное расширение)
135	NEW		/sozdanie-saitov-v-atyrau	site_mirror/sozdanie-saitov-v-atyrau/index.html	https://raskrutov.kz/sozdanie-saitov-v-atyrau	index, follow после QA уникальности	Запланирована (региональное расширение)
136	NEW		/web-studiya/dizayn/atyrau	site_mirror/web-studiya/dizayn/atyrau/index.html	https://raskrutov.kz/web-studiya/dizayn/atyrau	index, follow после QA уникальности	Запланирована (региональное расширение)
137	NEW		/seo-prodvizhenie-sajtov-v-atyrau	site_mirror/seo-prodvizhenie-sajtov-v-atyrau/index.html	https://raskrutov.kz/seo-prodvizhenie-sajtov-v-atyrau	index, follow после QA уникальности	Запланирована (региональное расширение)
138	NEW		/web-studiya/aeo-geo-prodvizhenie/atyrau	site_mirror/web-studiya/aeo-geo-prodvizhenie/atyrau/index.html	https://raskrutov.kz/web-studiya/aeo-geo-prodvizhenie/atyrau	index, follow после QA уникальности	Запланирована (региональное расширение)
139	NEW		/web-studiya/kontekstnaya-reklama/atyrau	site_mirror/web-studiya/kontekstnaya-reklama/atyrau/index.html	https://raskrutov.kz/web-studiya/kontekstnaya-reklama/atyrau	index, follow после QA уникальности	Запланирована (региональное расширение)
140	NEW		/web-studiya/lidogeneratsiya/atyrau	site_mirror/web-studiya/lidogeneratsiya/atyrau/index.html	https://raskrutov.kz/web-studiya/lidogeneratsiya/atyrau	index, follow после QA уникальности	Запланирована (региональное расширение)
141	NEW		/web-studiya/podderzhka-saytov/atyrau	site_mirror/web-studiya/podderzhka-saytov/atyrau/index.html	https://raskrutov.kz/web-studiya/podderzhka-saytov/atyrau	index, follow после QA уникальности	Запланирована (региональное расширение)
142	NEW		/web-studiya/digital-konsalting/atyrau	site_mirror/web-studiya/digital-konsalting/atyrau/index.html	https://raskrutov.kz/web-studiya/digital-konsalting/atyrau	index, follow после QA уникальности	Запланирована (региональное расширение)
143	NEW		/web-studiya/karaganda	site_mirror/web-studiya/karaganda/index.html	https://raskrutov.kz/web-studiya/karaganda	index, follow после QA уникальности	Запланирована (региональное расширение)
144	NEW		/web-studiya/dizayn/karaganda	site_mirror/web-studiya/dizayn/karaganda/index.html	https://raskrutov.kz/web-studiya/dizayn/karaganda	index, follow после QA уникальности	Запланирована (региональное расширение)
145	NEW		/web-studiya/aeo-geo-prodvizhenie/karaganda	site_mirror/web-studiya/aeo-geo-prodvizhenie/karaganda/index.html	https://raskrutov.kz/web-studiya/aeo-geo-prodvizhenie/karaganda	index, follow после QA уникальности	Запланирована (региональное расширение)
146	NEW		/web-studiya/kontekstnaya-reklama/karaganda	site_mirror/web-studiya/kontekstnaya-reklama/karaganda/index.html	https://raskrutov.kz/web-studiya/kontekstnaya-reklama/karaganda	index, follow после QA уникальности	Запланирована (региональное расширение)
147	NEW		/web-studiya/lidogeneratsiya/karaganda	site_mirror/web-studiya/lidogeneratsiya/karaganda/index.html	https://raskrutov.kz/web-studiya/lidogeneratsiya/karaganda	index, follow после QA уникальности	Запланирована (региональное расширение)
148	NEW		/web-studiya/podderzhka-saytov/karaganda	site_mirror/web-studiya/podderzhka-saytov/karaganda/index.html	https://raskrutov.kz/web-studiya/podderzhka-saytov/karaganda	index, follow после QA уникальности	Запланирована (региональное расширение)
149	NEW		/web-studiya/digital-konsalting/karaganda	site_mirror/web-studiya/digital-konsalting/karaganda/index.html	https://raskrutov.kz/web-studiya/digital-konsalting/karaganda	index, follow после QA уникальности	Запланирована (региональное расширение)
150	NEW		/web-studiya/kokshetau	site_mirror/web-studiya/kokshetau/index.html	https://raskrutov.kz/web-studiya/kokshetau	index, follow после QA уникальности	Запланирована (региональное расширение)
151	NEW		/sozdanie-saitov-v-kokshetau	site_mirror/sozdanie-saitov-v-kokshetau/index.html	https://raskrutov.kz/sozdanie-saitov-v-kokshetau	index, follow после QA уникальности	Запланирована (региональное расширение)
152	NEW		/web-studiya/dizayn/kokshetau	site_mirror/web-studiya/dizayn/kokshetau/index.html	https://raskrutov.kz/web-studiya/dizayn/kokshetau	index, follow после QA уникальности	Запланирована (региональное расширение)
153	NEW		/seo-prodvizhenie-sajtov-v-kokshetau	site_mirror/seo-prodvizhenie-sajtov-v-kokshetau/index.html	https://raskrutov.kz/seo-prodvizhenie-sajtov-v-kokshetau	index, follow после QA уникальности	Запланирована (региональное расширение)
154	NEW		/web-studiya/aeo-geo-prodvizhenie/kokshetau	site_mirror/web-studiya/aeo-geo-prodvizhenie/kokshetau/index.html	https://raskrutov.kz/web-studiya/aeo-geo-prodvizhenie/kokshetau	index, follow после QA уникальности	Запланирована (региональное расширение)
155	NEW		/web-studiya/kontekstnaya-reklama/kokshetau	site_mirror/web-studiya/kontekstnaya-reklama/kokshetau/index.html	https://raskrutov.kz/web-studiya/kontekstnaya-reklama/kokshetau	index, follow после QA уникальности	Запланирована (региональное расширение)
156	NEW		/web-studiya/lidogeneratsiya/kokshetau	site_mirror/web-studiya/lidogeneratsiya/kokshetau/index.html	https://raskrutov.kz/web-studiya/lidogeneratsiya/kokshetau	index, follow после QA уникальности	Запланирована (региональное расширение)
157	NEW		/web-studiya/podderzhka-saytov/kokshetau	site_mirror/web-studiya/podderzhka-saytov/kokshetau/index.html	https://raskrutov.kz/web-studiya/podderzhka-saytov/kokshetau	index, follow после QA уникальности	Запланирована (региональное расширение)
158	NEW		/web-studiya/digital-konsalting/kokshetau	site_mirror/web-studiya/digital-konsalting/kokshetau/index.html	https://raskrutov.kz/web-studiya/digital-konsalting/kokshetau	index, follow после QA уникальности	Запланирована (региональное расширение)
159	NEW		/web-studiya/kostanay	site_mirror/web-studiya/kostanay/index.html	https://raskrutov.kz/web-studiya/kostanay	index, follow после QA уникальности	Запланирована (региональное расширение)
160	NEW		/sozdanie-saitov-v-kostanae	site_mirror/sozdanie-saitov-v-kostanae/index.html	https://raskrutov.kz/sozdanie-saitov-v-kostanae	index, follow после QA уникальности	Запланирована (региональное расширение)
161	NEW		/web-studiya/dizayn/kostanay	site_mirror/web-studiya/dizayn/kostanay/index.html	https://raskrutov.kz/web-studiya/dizayn/kostanay	index, follow после QA уникальности	Запланирована (региональное расширение)
162	NEW		/seo-prodvizhenie-sajtov-v-kostanae	site_mirror/seo-prodvizhenie-sajtov-v-kostanae/index.html	https://raskrutov.kz/seo-prodvizhenie-sajtov-v-kostanae	index, follow после QA уникальности	Запланирована (региональное расширение)
163	NEW		/web-studiya/aeo-geo-prodvizhenie/kostanay	site_mirror/web-studiya/aeo-geo-prodvizhenie/kostanay/index.html	https://raskrutov.kz/web-studiya/aeo-geo-prodvizhenie/kostanay	index, follow после QA уникальности	Запланирована (региональное расширение)
164	NEW		/web-studiya/kontekstnaya-reklama/kostanay	site_mirror/web-studiya/kontekstnaya-reklama/kostanay/index.html	https://raskrutov.kz/web-studiya/kontekstnaya-reklama/kostanay	index, follow после QA уникальности	Запланирована (региональное расширение)
165	NEW		/web-studiya/lidogeneratsiya/kostanay	site_mirror/web-studiya/lidogeneratsiya/kostanay/index.html	https://raskrutov.kz/web-studiya/lidogeneratsiya/kostanay	index, follow после QA уникальности	Запланирована (региональное расширение)
166	NEW		/web-studiya/podderzhka-saytov/kostanay	site_mirror/web-studiya/podderzhka-saytov/kostanay/index.html	https://raskrutov.kz/web-studiya/podderzhka-saytov/kostanay	index, follow после QA уникальности	Запланирована (региональное расширение)
167	NEW		/web-studiya/digital-konsalting/kostanay	site_mirror/web-studiya/digital-konsalting/kostanay/index.html	https://raskrutov.kz/web-studiya/digital-konsalting/kostanay	index, follow после QA уникальности	Запланирована (региональное расширение)
168	NEW		/web-studiya/kyzylorda	site_mirror/web-studiya/kyzylorda/index.html	https://raskrutov.kz/web-studiya/kyzylorda	index, follow после QA уникальности	Запланирована (региональное расширение)
169	NEW		/sozdanie-saitov-v-kyzylorde	site_mirror/sozdanie-saitov-v-kyzylorde/index.html	https://raskrutov.kz/sozdanie-saitov-v-kyzylorde	index, follow после QA уникальности	Запланирована (региональное расширение)
170	NEW		/web-studiya/dizayn/kyzylorda	site_mirror/web-studiya/dizayn/kyzylorda/index.html	https://raskrutov.kz/web-studiya/dizayn/kyzylorda	index, follow после QA уникальности	Запланирована (региональное расширение)
171	NEW		/seo-prodvizhenie-sajtov-v-kyzylorde	site_mirror/seo-prodvizhenie-sajtov-v-kyzylorde/index.html	https://raskrutov.kz/seo-prodvizhenie-sajtov-v-kyzylorde	index, follow после QA уникальности	Запланирована (региональное расширение)
172	NEW		/web-studiya/aeo-geo-prodvizhenie/kyzylorda	site_mirror/web-studiya/aeo-geo-prodvizhenie/kyzylorda/index.html	https://raskrutov.kz/web-studiya/aeo-geo-prodvizhenie/kyzylorda	index, follow после QA уникальности	Запланирована (региональное расширение)
173	NEW		/web-studiya/kontekstnaya-reklama/kyzylorda	site_mirror/web-studiya/kontekstnaya-reklama/kyzylorda/index.html	https://raskrutov.kz/web-studiya/kontekstnaya-reklama/kyzylorda	index, follow после QA уникальности	Запланирована (региональное расширение)
174	NEW		/web-studiya/lidogeneratsiya/kyzylorda	site_mirror/web-studiya/lidogeneratsiya/kyzylorda/index.html	https://raskrutov.kz/web-studiya/lidogeneratsiya/kyzylorda	index, follow после QA уникальности	Запланирована (региональное расширение)
175	NEW		/web-studiya/podderzhka-saytov/kyzylorda	site_mirror/web-studiya/podderzhka-saytov/kyzylorda/index.html	https://raskrutov.kz/web-studiya/podderzhka-saytov/kyzylorda	index, follow после QA уникальности	Запланирована (региональное расширение)
176	NEW		/web-studiya/digital-konsalting/kyzylorda	site_mirror/web-studiya/digital-konsalting/kyzylorda/index.html	https://raskrutov.kz/web-studiya/digital-konsalting/kyzylorda	index, follow после QA уникальности	Запланирована (региональное расширение)
177	NEW		/web-studiya/pavlodar	site_mirror/web-studiya/pavlodar/index.html	https://raskrutov.kz/web-studiya/pavlodar	index, follow после QA уникальности	Запланирована (региональное расширение)
178	NEW		/sozdanie-saitov-v-pavlodare	site_mirror/sozdanie-saitov-v-pavlodare/index.html	https://raskrutov.kz/sozdanie-saitov-v-pavlodare	index, follow после QA уникальности	Запланирована (региональное расширение)
179	NEW		/web-studiya/dizayn/pavlodar	site_mirror/web-studiya/dizayn/pavlodar/index.html	https://raskrutov.kz/web-studiya/dizayn/pavlodar	index, follow после QA уникальности	Запланирована (региональное расширение)
180	NEW		/seo-prodvizhenie-sajtov-v-pavlodare	site_mirror/seo-prodvizhenie-sajtov-v-pavlodare/index.html	https://raskrutov.kz/seo-prodvizhenie-sajtov-v-pavlodare	index, follow после QA уникальности	Запланирована (региональное расширение)
181	NEW		/web-studiya/aeo-geo-prodvizhenie/pavlodar	site_mirror/web-studiya/aeo-geo-prodvizhenie/pavlodar/index.html	https://raskrutov.kz/web-studiya/aeo-geo-prodvizhenie/pavlodar	index, follow после QA уникальности	Запланирована (региональное расширение)
182	NEW		/web-studiya/kontekstnaya-reklama/pavlodar	site_mirror/web-studiya/kontekstnaya-reklama/pavlodar/index.html	https://raskrutov.kz/web-studiya/kontekstnaya-reklama/pavlodar	index, follow после QA уникальности	Запланирована (региональное расширение)
183	NEW		/web-studiya/lidogeneratsiya/pavlodar	site_mirror/web-studiya/lidogeneratsiya/pavlodar/index.html	https://raskrutov.kz/web-studiya/lidogeneratsiya/pavlodar	index, follow после QA уникальности	Запланирована (региональное расширение)
184	NEW		/web-studiya/podderzhka-saytov/pavlodar	site_mirror/web-studiya/podderzhka-saytov/pavlodar/index.html	https://raskrutov.kz/web-studiya/podderzhka-saytov/pavlodar	index, follow после QA уникальности	Запланирована (региональное расширение)
185	NEW		/web-studiya/digital-konsalting/pavlodar	site_mirror/web-studiya/digital-konsalting/pavlodar/index.html	https://raskrutov.kz/web-studiya/digital-konsalting/pavlodar	index, follow после QA уникальности	Запланирована (региональное расширение)
186	NEW		/web-studiya/petropavlovsk	site_mirror/web-studiya/petropavlovsk/index.html	https://raskrutov.kz/web-studiya/petropavlovsk	index, follow после QA уникальности	Запланирована (региональное расширение)
187	NEW		/web-studiya/dizayn/petropavlovsk	site_mirror/web-studiya/dizayn/petropavlovsk/index.html	https://raskrutov.kz/web-studiya/dizayn/petropavlovsk	index, follow после QA уникальности	Запланирована (региональное расширение)
188	NEW		/web-studiya/aeo-geo-prodvizhenie/petropavlovsk	site_mirror/web-studiya/aeo-geo-prodvizhenie/petropavlovsk/index.html	https://raskrutov.kz/web-studiya/aeo-geo-prodvizhenie/petropavlovsk	index, follow после QA уникальности	Запланирована (региональное расширение)
189	NEW		/web-studiya/kontekstnaya-reklama/petropavlovsk	site_mirror/web-studiya/kontekstnaya-reklama/petropavlovsk/index.html	https://raskrutov.kz/web-studiya/kontekstnaya-reklama/petropavlovsk	index, follow после QA уникальности	Запланирована (региональное расширение)
190	NEW		/web-studiya/lidogeneratsiya/petropavlovsk	site_mirror/web-studiya/lidogeneratsiya/petropavlovsk/index.html	https://raskrutov.kz/web-studiya/lidogeneratsiya/petropavlovsk	index, follow после QA уникальности	Запланирована (региональное расширение)
191	NEW		/web-studiya/podderzhka-saytov/petropavlovsk	site_mirror/web-studiya/podderzhka-saytov/petropavlovsk/index.html	https://raskrutov.kz/web-studiya/podderzhka-saytov/petropavlovsk	index, follow после QA уникальности	Запланирована (региональное расширение)
192	NEW		/web-studiya/digital-konsalting/petropavlovsk	site_mirror/web-studiya/digital-konsalting/petropavlovsk/index.html	https://raskrutov.kz/web-studiya/digital-konsalting/petropavlovsk	index, follow после QA уникальности	Запланирована (региональное расширение)
193	NEW		/web-studiya/semey	site_mirror/web-studiya/semey/index.html	https://raskrutov.kz/web-studiya/semey	index, follow после QA уникальности	Запланирована (региональное расширение)
194	NEW		/sozdanie-saitov-v-semee	site_mirror/sozdanie-saitov-v-semee/index.html	https://raskrutov.kz/sozdanie-saitov-v-semee	index, follow после QA уникальности	Запланирована (региональное расширение)
195	NEW		/web-studiya/dizayn/semey	site_mirror/web-studiya/dizayn/semey/index.html	https://raskrutov.kz/web-studiya/dizayn/semey	index, follow после QA уникальности	Запланирована (региональное расширение)
196	NEW		/seo-prodvizhenie-sajtov-v-semee	site_mirror/seo-prodvizhenie-sajtov-v-semee/index.html	https://raskrutov.kz/seo-prodvizhenie-sajtov-v-semee	index, follow после QA уникальности	Запланирована (региональное расширение)
197	NEW		/web-studiya/aeo-geo-prodvizhenie/semey	site_mirror/web-studiya/aeo-geo-prodvizhenie/semey/index.html	https://raskrutov.kz/web-studiya/aeo-geo-prodvizhenie/semey	index, follow после QA уникальности	Запланирована (региональное расширение)
198	NEW		/web-studiya/kontekstnaya-reklama/semey	site_mirror/web-studiya/kontekstnaya-reklama/semey/index.html	https://raskrutov.kz/web-studiya/kontekstnaya-reklama/semey	index, follow после QA уникальности	Запланирована (региональное расширение)
199	NEW		/web-studiya/lidogeneratsiya/semey	site_mirror/web-studiya/lidogeneratsiya/semey/index.html	https://raskrutov.kz/web-studiya/lidogeneratsiya/semey	index, follow после QA уникальности	Запланирована (региональное расширение)
200	NEW		/web-studiya/podderzhka-saytov/semey	site_mirror/web-studiya/podderzhka-saytov/semey/index.html	https://raskrutov.kz/web-studiya/podderzhka-saytov/semey	index, follow после QA уникальности	Запланирована (региональное расширение)
201	NEW		/web-studiya/digital-konsalting/semey	site_mirror/web-studiya/digital-konsalting/semey/index.html	https://raskrutov.kz/web-studiya/digital-konsalting/semey	index, follow после QA уникальности	Запланирована (региональное расширение)
202	NEW		/web-studiya/taldykorgan	site_mirror/web-studiya/taldykorgan/index.html	https://raskrutov.kz/web-studiya/taldykorgan	index, follow после QA уникальности	Запланирована (региональное расширение)
203	NEW		/sozdanie-saitov-v-taldykorgane	site_mirror/sozdanie-saitov-v-taldykorgane/index.html	https://raskrutov.kz/sozdanie-saitov-v-taldykorgane	index, follow после QA уникальности	Запланирована (региональное расширение)
204	NEW		/web-studiya/dizayn/taldykorgan	site_mirror/web-studiya/dizayn/taldykorgan/index.html	https://raskrutov.kz/web-studiya/dizayn/taldykorgan	index, follow после QA уникальности	Запланирована (региональное расширение)
205	NEW		/seo-prodvizhenie-sajtov-v-taldykorgane	site_mirror/seo-prodvizhenie-sajtov-v-taldykorgane/index.html	https://raskrutov.kz/seo-prodvizhenie-sajtov-v-taldykorgane	index, follow после QA уникальности	Запланирована (региональное расширение)
206	NEW		/web-studiya/aeo-geo-prodvizhenie/taldykorgan	site_mirror/web-studiya/aeo-geo-prodvizhenie/taldykorgan/index.html	https://raskrutov.kz/web-studiya/aeo-geo-prodvizhenie/taldykorgan	index, follow после QA уникальности	Запланирована (региональное расширение)
207	NEW		/web-studiya/kontekstnaya-reklama/taldykorgan	site_mirror/web-studiya/kontekstnaya-reklama/taldykorgan/index.html	https://raskrutov.kz/web-studiya/kontekstnaya-reklama/taldykorgan	index, follow после QA уникальности	Запланирована (региональное расширение)
208	NEW		/web-studiya/lidogeneratsiya/taldykorgan	site_mirror/web-studiya/lidogeneratsiya/taldykorgan/index.html	https://raskrutov.kz/web-studiya/lidogeneratsiya/taldykorgan	index, follow после QA уникальности	Запланирована (региональное расширение)
209	NEW		/web-studiya/podderzhka-saytov/taldykorgan	site_mirror/web-studiya/podderzhka-saytov/taldykorgan/index.html	https://raskrutov.kz/web-studiya/podderzhka-saytov/taldykorgan	index, follow после QA уникальности	Запланирована (региональное расширение)
210	NEW		/web-studiya/digital-konsalting/taldykorgan	site_mirror/web-studiya/digital-konsalting/taldykorgan/index.html	https://raskrutov.kz/web-studiya/digital-konsalting/taldykorgan	index, follow после QA уникальности	Запланирована (региональное расширение)
211	NEW		/web-studiya/taraz	site_mirror/web-studiya/taraz/index.html	https://raskrutov.kz/web-studiya/taraz	index, follow после QA уникальности	Запланирована (региональное расширение)
212	NEW		/sozdanie-saitov-v-taraze	site_mirror/sozdanie-saitov-v-taraze/index.html	https://raskrutov.kz/sozdanie-saitov-v-taraze	index, follow после QA уникальности	Запланирована (региональное расширение)
213	NEW		/web-studiya/dizayn/taraz	site_mirror/web-studiya/dizayn/taraz/index.html	https://raskrutov.kz/web-studiya/dizayn/taraz	index, follow после QA уникальности	Запланирована (региональное расширение)
214	NEW		/seo-prodvizhenie-sajtov-v-taraze	site_mirror/seo-prodvizhenie-sajtov-v-taraze/index.html	https://raskrutov.kz/seo-prodvizhenie-sajtov-v-taraze	index, follow после QA уникальности	Запланирована (региональное расширение)
215	NEW		/web-studiya/aeo-geo-prodvizhenie/taraz	site_mirror/web-studiya/aeo-geo-prodvizhenie/taraz/index.html	https://raskrutov.kz/web-studiya/aeo-geo-prodvizhenie/taraz	index, follow после QA уникальности	Запланирована (региональное расширение)
216	NEW		/web-studiya/kontekstnaya-reklama/taraz	site_mirror/web-studiya/kontekstnaya-reklama/taraz/index.html	https://raskrutov.kz/web-studiya/kontekstnaya-reklama/taraz	index, follow после QA уникальности	Запланирована (региональное расширение)
217	NEW		/web-studiya/lidogeneratsiya/taraz	site_mirror/web-studiya/lidogeneratsiya/taraz/index.html	https://raskrutov.kz/web-studiya/lidogeneratsiya/taraz	index, follow после QA уникальности	Запланирована (региональное расширение)
218	NEW		/web-studiya/podderzhka-saytov/taraz	site_mirror/web-studiya/podderzhka-saytov/taraz/index.html	https://raskrutov.kz/web-studiya/podderzhka-saytov/taraz	index, follow после QA уникальности	Запланирована (региональное расширение)
219	NEW		/web-studiya/digital-konsalting/taraz	site_mirror/web-studiya/digital-konsalting/taraz/index.html	https://raskrutov.kz/web-studiya/digital-konsalting/taraz	index, follow после QA уникальности	Запланирована (региональное расширение)
220	NEW		/web-studiya/turkestan	site_mirror/web-studiya/turkestan/index.html	https://raskrutov.kz/web-studiya/turkestan	index, follow после QA уникальности	Запланирована (региональное расширение)
221	NEW		/sozdanie-saitov-v-turkestane	site_mirror/sozdanie-saitov-v-turkestane/index.html	https://raskrutov.kz/sozdanie-saitov-v-turkestane	index, follow после QA уникальности	Запланирована (региональное расширение)
222	NEW		/web-studiya/dizayn/turkestan	site_mirror/web-studiya/dizayn/turkestan/index.html	https://raskrutov.kz/web-studiya/dizayn/turkestan	index, follow после QA уникальности	Запланирована (региональное расширение)
223	NEW		/seo-prodvizhenie-sajtov-v-turkestane	site_mirror/seo-prodvizhenie-sajtov-v-turkestane/index.html	https://raskrutov.kz/seo-prodvizhenie-sajtov-v-turkestane	index, follow после QA уникальности	Запланирована (региональное расширение)
224	NEW		/web-studiya/aeo-geo-prodvizhenie/turkestan	site_mirror/web-studiya/aeo-geo-prodvizhenie/turkestan/index.html	https://raskrutov.kz/web-studiya/aeo-geo-prodvizhenie/turkestan	index, follow после QA уникальности	Запланирована (региональное расширение)
225	NEW		/web-studiya/kontekstnaya-reklama/turkestan	site_mirror/web-studiya/kontekstnaya-reklama/turkestan/index.html	https://raskrutov.kz/web-studiya/kontekstnaya-reklama/turkestan	index, follow после QA уникальности	Запланирована (региональное расширение)
226	NEW		/web-studiya/lidogeneratsiya/turkestan	site_mirror/web-studiya/lidogeneratsiya/turkestan/index.html	https://raskrutov.kz/web-studiya/lidogeneratsiya/turkestan	index, follow после QA уникальности	Запланирована (региональное расширение)
227	NEW		/web-studiya/podderzhka-saytov/turkestan	site_mirror/web-studiya/podderzhka-saytov/turkestan/index.html	https://raskrutov.kz/web-studiya/podderzhka-saytov/turkestan	index, follow после QA уникальности	Запланирована (региональное расширение)
228	NEW		/web-studiya/digital-konsalting/turkestan	site_mirror/web-studiya/digital-konsalting/turkestan/index.html	https://raskrutov.kz/web-studiya/digital-konsalting/turkestan	index, follow после QA уникальности	Запланирована (региональное расширение)
229	NEW		/web-studiya/uralsk	site_mirror/web-studiya/uralsk/index.html	https://raskrutov.kz/web-studiya/uralsk	index, follow после QA уникальности	Запланирована (региональное расширение)
230	NEW		/sozdanie-saitov-v-uralske	site_mirror/sozdanie-saitov-v-uralske/index.html	https://raskrutov.kz/sozdanie-saitov-v-uralske	index, follow после QA уникальности	Запланирована (региональное расширение)
231	NEW		/web-studiya/dizayn/uralsk	site_mirror/web-studiya/dizayn/uralsk/index.html	https://raskrutov.kz/web-studiya/dizayn/uralsk	index, follow после QA уникальности	Запланирована (региональное расширение)
232	NEW		/seo-prodvizhenie-sajtov-v-uralske	site_mirror/seo-prodvizhenie-sajtov-v-uralske/index.html	https://raskrutov.kz/seo-prodvizhenie-sajtov-v-uralske	index, follow после QA уникальности	Запланирована (региональное расширение)
233	NEW		/web-studiya/aeo-geo-prodvizhenie/uralsk	site_mirror/web-studiya/aeo-geo-prodvizhenie/uralsk/index.html	https://raskrutov.kz/web-studiya/aeo-geo-prodvizhenie/uralsk	index, follow после QA уникальности	Запланирована (региональное расширение)
234	NEW		/web-studiya/kontekstnaya-reklama/uralsk	site_mirror/web-studiya/kontekstnaya-reklama/uralsk/index.html	https://raskrutov.kz/web-studiya/kontekstnaya-reklama/uralsk	index, follow после QA уникальности	Запланирована (региональное расширение)
235	NEW		/web-studiya/lidogeneratsiya/uralsk	site_mirror/web-studiya/lidogeneratsiya/uralsk/index.html	https://raskrutov.kz/web-studiya/lidogeneratsiya/uralsk	index, follow после QA уникальности	Запланирована (региональное расширение)
236	NEW		/web-studiya/podderzhka-saytov/uralsk	site_mirror/web-studiya/podderzhka-saytov/uralsk/index.html	https://raskrutov.kz/web-studiya/podderzhka-saytov/uralsk	index, follow после QA уникальности	Запланирована (региональное расширение)
237	NEW		/web-studiya/digital-konsalting/uralsk	site_mirror/web-studiya/digital-konsalting/uralsk/index.html	https://raskrutov.kz/web-studiya/digital-konsalting/uralsk	index, follow после QA уникальности	Запланирована (региональное расширение)
238	NEW		/web-studiya/ust-kamenogorsk	site_mirror/web-studiya/ust-kamenogorsk/index.html	https://raskrutov.kz/web-studiya/ust-kamenogorsk	index, follow после QA уникальности	Запланирована (региональное расширение)
239	NEW		/sozdanie-saitov-v-ust-kamenogorske	site_mirror/sozdanie-saitov-v-ust-kamenogorske/index.html	https://raskrutov.kz/sozdanie-saitov-v-ust-kamenogorske	index, follow после QA уникальности	Запланирована (региональное расширение)
240	NEW		/web-studiya/dizayn/ust-kamenogorsk	site_mirror/web-studiya/dizayn/ust-kamenogorsk/index.html	https://raskrutov.kz/web-studiya/dizayn/ust-kamenogorsk	index, follow после QA уникальности	Запланирована (региональное расширение)
241	NEW		/seo-prodvizhenie-sajtov-v-ust-kamenogorske	site_mirror/seo-prodvizhenie-sajtov-v-ust-kamenogorske/index.html	https://raskrutov.kz/seo-prodvizhenie-sajtov-v-ust-kamenogorske	index, follow после QA уникальности	Запланирована (региональное расширение)
242	NEW		/web-studiya/aeo-geo-prodvizhenie/ust-kamenogorsk	site_mirror/web-studiya/aeo-geo-prodvizhenie/ust-kamenogorsk/index.html	https://raskrutov.kz/web-studiya/aeo-geo-prodvizhenie/ust-kamenogorsk	index, follow после QA уникальности	Запланирована (региональное расширение)
243	NEW		/web-studiya/kontekstnaya-reklama/ust-kamenogorsk	site_mirror/web-studiya/kontekstnaya-reklama/ust-kamenogorsk/index.html	https://raskrutov.kz/web-studiya/kontekstnaya-reklama/ust-kamenogorsk	index, follow после QA уникальности	Запланирована (региональное расширение)
244	NEW		/web-studiya/lidogeneratsiya/ust-kamenogorsk	site_mirror/web-studiya/lidogeneratsiya/ust-kamenogorsk/index.html	https://raskrutov.kz/web-studiya/lidogeneratsiya/ust-kamenogorsk	index, follow после QA уникальности	Запланирована (региональное расширение)
245	NEW		/web-studiya/podderzhka-saytov/ust-kamenogorsk	site_mirror/web-studiya/podderzhka-saytov/ust-kamenogorsk/index.html	https://raskrutov.kz/web-studiya/podderzhka-saytov/ust-kamenogorsk	index, follow после QA уникальности	Запланирована (региональное расширение)
246	NEW		/web-studiya/digital-konsalting/ust-kamenogorsk	site_mirror/web-studiya/digital-konsalting/ust-kamenogorsk/index.html	https://raskrutov.kz/web-studiya/digital-konsalting/ust-kamenogorsk	index, follow после QA уникальности	Запланирована (региональное расширение)
247	REDIRECT	/samyi-svezhiy-blog-o-sozdanii-i-prodvizhenii-saytov-v-astane-2025-	/sozdanie-saitov-v-astane			нет, 301	GSC/sitemap
248	REDIRECT	/seo-prodvizhenie-sajtov-v-kazakhstane-klyuchevye-strategii-dlya-uspekha	/strategii-prodvizheniya-sajtov-v-kazakhstane			нет, 301	GSC/sitemap
249	REDIRECT	/seo-prodvizhenie-sajtov-v-kazakhstane-aktualnye-trendy-i-strategii-2024-goda	/strategii-prodvizheniya-sajtov-v-kazakhstane			нет, 301	GSC/sitemap
250	REDIRECT	/prodvizhenie-sajtov-v-kazakhstane-ehffektivnye-strategii-dlya-vashego-biznesa	/strategii-prodvizheniya-sajtov-v-kazakhstane			нет, 301	GSC/sitemap
251	REDIRECT	/seo-prodvizhenie-sajtov-v-kazakhstane-zakazat-u-raskrutov	/seo-prodvizhenie-sajtov			нет, 301	GSC/sitemap
252	REDIRECT	/seo-optimizaciya-i-prodvizhenie-sajtov-po-kazakhstanu-raskrutov	/seo-prodvizhenie-sajtov			нет, 301	GSC/sitemap
253	REDIRECT	/seo-prodvizhenie-v-almaty-kak-uluchshit-polzovatelskij-opyt-na-sajte	/seo-prodvizhenie-v-almaty-polnyj-gid-dlya-biznesa			нет, 301	GSC/sitemap
254	REDIRECT	/prodvizhenie-sajtov-v-almaty-lokalnye-metody-dlya-uvelicheniya-trafika	/seo-prodvizhenie-v-almaty-polnyj-gid-dlya-biznesa			нет, 301	GSC/sitemap
255	REDIRECT	/preimuschestva-kompanii	/o-kompanii			нет, 301	GSC/sitemap
256	REDIRECT	/web-studiya/sozdanie-saitov	/sozdanie-saitov			нет, 301	GSC/sitemap
257	REDIRECT	/usloviya-sotrudnichestva	/partneram			нет, 301	GSC/sitemap
258	REDIRECT	/contextnaya-reklama-google-i-yandex	/web-studiya/kontekstnaya-reklama			нет, 301	GSC/sitemap
259	REDIRECT	/sozdanie-saitov-v-Penropavlovske	/sozdanie-saitov-v-Petropavlovske			нет, 301	GSC/sitemap
260	REDIRECT	/sozdanie-sajtov-v-kazakhstane-kak-vybrat-podryadchika-dlya-vashego-proekta	/sozdanie-saitov			нет, 301	GSC/sitemap
261	REDIRECT	/sozdanie-sajtov-v-astane-pochemu-ehto-vazhno-dlya-vashego-biznesa	/sozdanie-saitov-v-astane			нет, 301	GSC/sitemap
262	REDIRECT	/kejsy	/keysy			нет, 301	GSC/sitemap
263	REDIRECT	/samyi-svezhiy-blog-o-sozdanii-i-prodvizhenii-saytov-v-petropavlovske-2025	/sozdanie-saitov-v-Petropavlovske			нет, 301	GSC/sitemap
264	REDIRECT	/prodvizhenie-sajtov-v-astane-kak-optimizirovat-kontent-dlya-poiskovykh-sistem	/seo-prodvizhenie-sajtov-v-astane			нет, 301	GSC/sitemap
265	REDIRECT	/partnership	/partneram			нет, 301	GSC/sitemap
266	REDIRECT	/zakazat-sozdanie-sajtov-v-kazakhstane-veb-studiya-raskrutov	/sozdanie-saitov			нет, 301	GSC/sitemap
267	REDIRECT	/sozdanie-sajtov-v-kazakhstane-pochemu-adaptivnyj-dizajn-ehto-neobkhodimost	/sozdanie-saitov			нет, 301	GSC/sitemap
268	REDIRECT	/ehffektivnoe-seo-prodvizhenie-sajtov-v-petropavlovske-raskrutov	/seo-prodvizhenie-sajtov-v-petropavlovske			нет, 301	GSC/sitemap
269	REDIRECT	/kontakty	/kontakti			нет, 301	GSC/sitemap
270	REDIRECT	/kak-seo-prodvizhenie-pomogaet-uvelichit-trafik-na-sajt	/seo-prodvizhenie-sajtov			нет, 301	GSC/sitemap
271	REDIRECT	/prodvizhenie-korporativnykh-sajtov-v-kazakhstane-raskrutov	/web-studiya/sozdanie-saitov/korporativnyy-sayt			нет, 301	GSC/sitemap
272	REDIRECT	/razrabotka-sajtov-v-kazakhstane-zakazat-sajt-v-raskrutov	/sozdanie-saitov			нет, 301	GSC/sitemap
273	REDIRECT	/prodvizhenie-sajtov-v-gorodakh-kazakhstana-zakazat-v-raskrutov	/seo-prodvizhenie-sajtov			нет, 301	GSC/sitemap
274	REDIRECT	/sozdanie-sajtov-dlya-malogo-biznesa-v-petropavlovske-raskrutov	/sozdanie-saitov-v-Petropavlovske			нет, 301	GSC/sitemap
275	REDIRECT	/zakazat-sajt-dlya-biznesa-v-petropavlovske-studiya-raskrutov	/sozdanie-saitov-v-Petropavlovske			нет, 301	GSC/sitemap
276	REDIRECT	/-sozdanie-sajtov-v-petropavlovske-zakazat-sajt-v-raskrutov	/sozdanie-saitov-v-Petropavlovske			нет, 301	GSC/sitemap
277	REDIRECT	/prodvizhenie-sajtov-v-petropavlovske-kak-ispolzovat-socialnye-seti-dlya-uvelicheniya-trafika	/seo-prodvizhenie-sajtov-v-petropavlovske			нет, 301	GSC/sitemap
278	REDIRECT	/kupit-gotovyj-sajt-v-petropavlovske-veb-studiya-raskrutov	/sozdanie-saitov-v-Petropavlovske			нет, 301	GSC/sitemap
279	REDIRECT	/sozdanie-sajtov-pod-klyuch-v-petropavlovske-studiya-raskrutov	/sozdanie-saitov-v-Petropavlovske			нет, 301	GSC/sitemap
280	REDIRECT	/sozdanie-sajtov-v-almaty-kak-vybrat-podkhodyashchuyu-cms-dlya-vashego-proekta	/sozdanie-sajtov-v-kazakhstane-kak-vybrat-podkhodyashchuyu-platformu			нет, 301	GSC/sitemap
281	REDIRECT	/prodvizhenie-sajtov-v-petropavlovske-i-sko-zakazat-v-raskrutov	/seo-prodvizhenie-sajtov-v-petropavlovske			нет, 301	GSC/sitemap
282	REDIRECT	/sozdanie-sajtov-v-almaty-osobennosti-i-preimushchestva	/sozdanie-saitov-v-almaty			нет, 301	GSC/sitemap
283	REDIRECT	/veb-studiya-v-petropavlovske-zakazat-sajt-v-raskrutov	/sozdanie-saitov-v-Petropavlovske			нет, 301	GSC/sitemap
284	REDIRECT	/obsluzhivanie-sajtov-v-kazakhstane-zakazat-v-studii-raskrutov	/web-studiya/podderzhka-saytov			нет, 301	GSC/sitemap
285	REDIRECT	/razrabotka-korporativnykh-sajtov-v-kazakhstane-raskrutov	/web-studiya/sozdanie-saitov/korporativnyy-sayt			нет, 301	GSC/sitemap
286	REDIRECT	/sozdanie-sajtov-v-kazakhstane-kak-obespechit-bezopasnost-i-zashchitu-dannykh	/sozdanie-saitov			нет, 301	GSC/sitemap
287	REDIRECT	/zakazat-sajt-dlya-prodvizheniya-biznesa-v-kazakhstane-raskrutov	/sozdanie-saitov			нет, 301	GSC/sitemap
288	REDIRECT	/zakazat-sozdanie-internet-magazina-v-petropavlovske-raskrutov	/web-studiya/sozdanie-saitov/internet-magazin			нет, 301	GSC/sitemap
289	REDIRECT	/Kak-Raskrutov-pomagaet-vashemu-biznesu-cherez-sozdanie-saitov	/sozdanie-saitov			нет, 301	GSC/sitemap
290	REDIRECT	/prodvizhenie-sajta-v-google-i-yandeks-v-petropavlovske-raskrutov	/seo-prodvizhenie-sajtov-v-petropavlovske			нет, 301	GSC/sitemap
291	REDIRECT	/razrabotka-i-prodvizhenie-sajtov-v-sko-zakazat-v-raskrutov	/seo-prodvizhenie-sajtov			нет, 301	GSC/sitemap
292	REDIRECT	/razrabotka-lendingov-v-petropavlovske-zakazat-v-raskrutov	/web-studiya/sozdanie-saitov/landing			нет, 301	GSC/sitemap
293	REDIRECT	/sozdanie-sajtov-v-petropavlovske-kupit-sajt-v-raskrutov	/sozdanie-saitov-v-Petropavlovske			нет, 301	GSC/sitemap
294	REDIRECT	/SEO-optimizaciya-s-Raskrutov-Vash-sait-na-vershine-poiskovyh-sistem	/seo-prodvizhenie-sajtov			нет, 301	GSC/sitemap
295	REDIRECT	/kupit-nedorogoj-sajt-v-petropavlovske-raskrutov	/sozdanie-saitov-v-Petropavlovske			нет, 301	GSC/sitemap
296	REDIRECT	/prodvizhenie-sajtov-v-petropavlovske-kak-uluchshit-vidimost-v-poiskovykh-sistemakh	/seo-prodvizhenie-sajtov-v-petropavlovske			нет, 301	GSC/sitemap
297	REDIRECT	/prodvizhenie-sajtov-v-petropavlovske-kak-vyvesti-sajt-v-top	/seo-prodvizhenie-sajtov-v-petropavlovske			нет, 301	GSC/sitemap
298	REDIRECT	/professionalnoe-sozdanie-i-obsluzhivanie-sajtov-v-kazakhstane	/web-studiya/podderzhka-saytov			нет, 301	GSC/sitemap
299	REDIRECT	/sozdanie-i-raskrutka-internet-magazinov-v-kazakhstane-raskrutov	/web-studiya/sozdanie-saitov/internet-magazin			нет, 301	GSC/sitemap
300	REDIRECT	/sozdanie-sajtov-dlya-uslug-v-petropavlovske-veb-studiya-raskrutov	/sozdanie-saitov-v-Petropavlovske			нет, 301	GSC/sitemap
301	REDIRECT	/sozdanie-sajtov-v-astane-tendencii-i-innovacii-2024-goda	/sozdanie-saitov-v-astane			нет, 301	GSC/sitemap
302	REDIRECT	/sozdanie-sajtov-v-kazakhstane-s-garantiej-prodvizheniya-raskrutov	/sozdanie-saitov			нет, 301	GSC/sitemap
303	REDIRECT	/sozdanie-sajtov-v-kazakhstane-sovremennye-tendencii-i-luchshie-praktiki	/sozdanie-saitov			нет, 301	GSC/sitemap
304	REDIRECT	/sozdanie-sajtov-v-petropavlovske-zakazat-sajt-v-raskrutov	/sozdanie-saitov-v-Petropavlovske			нет, 301	GSC/sitemap
305	REDIRECT	/zakazat-sajt-vizitku-v-petropavlovske-studiya-raskrutov	/web-studiya/sozdanie-saitov/sayt-vizitka			нет, 301	GSC/sitemap
306	REDIRECT	/o-kompanii/o-nas	/about-us			нет, 301	GSC/sitemap
307	REDIRECT	/web-studiya/seo-prodvizhenie	/seo-prodvizhenie-sajtov			нет, 301	GSC/sitemap
308	MERGE	/faq/aeo	/web-studiya/aeo-geo-prodvizhenie			не создавать отдельный URL	Старая SEO-карта (не опубликовано)
309	MERGE	/faq/akademiya	/akademiya			не создавать отдельный URL	Старая SEO-карта (не опубликовано)
310	MERGE	/faq/crm	/crm			не создавать отдельный URL	Старая SEO-карта (не опубликовано)
311	MERGE	/faq/partnerstvo	/partneram			не создавать отдельный URL	Старая SEO-карта (не опубликовано)
312	MERGE	/faq/sayty	/sozdanie-saitov			не создавать отдельный URL	Старая SEO-карта (не опубликовано)
313	MERGE	/faq/seo	/seo-prodvizhenie-sajtov			не создавать отдельный URL	Старая SEO-карта (не опубликовано)
314	MERGE	/web-studiya/sozdanie-saitov/crm-sistemy	/crm/vnedrenie-crm			не создавать отдельный URL	Старая SEO-карта (не опубликовано)
315	MERGE	/web-studiya/sozdanie-saitov/obsluzhivanie-saytov	/web-studiya/podderzhka-saytov			не создавать отдельный URL	Старая SEO-карта (не опубликовано)
316	NOINDEX	/targetnaya-reklama-instagram	/targetnaya-reklama-instagram	site_mirror/targetnaya-reklama-instagram/index.html	https://raskrutov.kz/targetnaya-reklama-instagram	noindex, follow	GSC/sitemap
317	NOINDEX	/uslugi-po-sozdaniyu-i-prodvizheniyu-sajtov-v-kazakhstane-ot-kompanii-raskrutov	/uslugi-po-sozdaniyu-i-prodvizheniyu-sajtov-v-kazakhstane-ot-kompanii-raskrutov	site_mirror/uslugi-po-sozdaniyu-i-prodvizheniyu-sajtov-v-kazakhstane-ot-kompanii-raskrutov/index.html	https://raskrutov.kz/uslugi-po-sozdaniyu-i-prodvizheniyu-sajtov-v-kazakhstane-ot-kompanii-raskrutov	noindex, follow	GSC/sitemap
318	NOINDEX	/targetnaya-reklama	/targetnaya-reklama	site_mirror/targetnaya-reklama/index.html	https://raskrutov.kz/targetnaya-reklama	noindex, follow	GSC/sitemap
319	NOINDEX	/videoroliki-dlya-biznesa	/videoroliki-dlya-biznesa	site_mirror/videoroliki-dlya-biznesa/index.html	https://raskrutov.kz/videoroliki-dlya-biznesa	noindex, follow	GSC/sitemap
320	NOINDEX	/uslugi-instagram	/uslugi-instagram	site_mirror/uslugi-instagram/index.html	https://raskrutov.kz/uslugi-instagram	noindex, follow	GSC/sitemap
321	NOINDEX	/preimushchestva-sozdaniya-sajtov-v-kazakhstane	/preimushchestva-sozdaniya-sajtov-v-kazakhstane	site_mirror/preimushchestva-sozdaniya-sajtov-v-kazakhstane/index.html	https://raskrutov.kz/preimushchestva-sozdaniya-sajtov-v-kazakhstane	noindex, follow	GSC/sitemap
322	NOINDEX	/vebinarnie-meropriyatiya	/vebinarnie-meropriyatiya	site_mirror/vebinarnie-meropriyatiya/index.html	https://raskrutov.kz/vebinarnie-meropriyatiya	noindex, follow	GSC/sitemap
323	NOINDEX	/kak-vybrat-kompaniyu-dlya-sozdaniya-i-prodvizheniya-sajta	/kak-vybrat-kompaniyu-dlya-sozdaniya-i-prodvizheniya-sajta	site_mirror/kak-vybrat-kompaniyu-dlya-sozdaniya-i-prodvizheniya-sajta/index.html	https://raskrutov.kz/kak-vybrat-kompaniyu-dlya-sozdaniya-i-prodvizheniya-sajta	noindex, follow	GSC/sitemap
324	NOINDEX	/Preimushestva-sozdaniya-saitov-s-Raskrutov	/Preimushestva-sozdaniya-saitov-s-Raskrutov	site_mirror/Preimushestva-sozdaniya-saitov-s-Raskrutov/index.html	https://raskrutov.kz/Preimushestva-sozdaniya-saitov-s-Raskrutov	noindex, follow	GSC/sitemap
325	NOINDEX	/Sozdaite-uspeshnyi-sait-s-Raskrutov-Put-k-uvelicheniyu-prodazh	/Sozdaite-uspeshnyi-sait-s-Raskrutov-Put-k-uvelicheniyu-prodazh	site_mirror/Sozdaite-uspeshnyi-sait-s-Raskrutov-Put-k-uvelicheniyu-prodazh/index.html	https://raskrutov.kz/Sozdaite-uspeshnyi-sait-s-Raskrutov-Put-k-uvelicheniyu-prodazh	noindex, follow	GSC/sitemap
326	REMOVE	/arenda-kvartir-v-petropavlovske				нет; удалить/410 после проверки	GSC/sitemap
327	REMOVE	/page74				нет; удалить/410 после проверки	GSC/sitemap
328	REMOVE	/optovye-postavki-svarochnykh-materialov				нет; удалить/410 после проверки	GSC/sitemap
329	REMOVE	/soundtrack				нет; удалить/410 после проверки	GSC/sitemap
330	REMOVE	/page84				нет; удалить/410 после проверки	GSC/sitemap
