Кластер;Название кластера;Основной запрос;Дополнительные запросы;Интент;Доступная частотность (макс. запрос, Planner);Сумма частотностей Planner (справочно);GSC клики;GSC показы;Количество уникальных запросов;Существующая страница;Итоговая страница;Решение;Риск каннибализации;Комментарий;Уверенность
home;Главная;Raskrutov;нет данных;Брендовый / навигационный / коммерческий;;0;0;0;0;/;/;KEEP;Низкий;"Существующий URL сохраняется; отдельный интент подтверждён архитектурой и/или данными.";Высокая
webstudio;Вебстудия Raskrutov;веб студия казахстан;"веб студия; web студия; студия веб; веб агентство; студия сайтов; топ веб студий; веб студия топ; сайт веб студии; веб студия сайт; веб студия цены";Коммерческий;50;1200;1;169;44;/web-studiya;/web-studiya;KEEP;Низкий;"Существующий URL сохраняется; отдельный интент подтверждён архитектурой и/или данными.";Высокая
site_creation;Создание сайтов;создание сайтов;"заказать сайт; разработка сайта; разработка сайтов; разработчик сайта; нужен сайт; заказ сайта; сайт под ключ; сайт на заказ; создание сайт; заказ на сайт";Коммерческий;500;15050;4;4495;428;"/sozdanie-saitov; /web-studiya/sozdanie-saitov";/sozdanie-saitov;UPDATE;Высокий;"Есть legacy-дубли или пересечение со страницами старой карты; применять канонизацию и 301.";Высокая
site_landing;Создание лендингов;создание лендингов;"топ лендингов; продвижение лендинга; продвижение лендинг сайта; продвижение лендинга под ключ; раскрутка лендинга; создание и продвижение лендинга; создание и продвижение лендинга под ключ; разработка лендинг пейдж алматы; создание landing page в алматы; создание landing page алматы";Коммерческий;50;200;0;147;58;/web-studiya/sozdanie-saitov/landing;/web-studiya/sozdanie-saitov/landing;KEEP;Низкий;"Существующий URL сохраняется; отдельный интент подтверждён архитектурой и/или данными.";Высокая
site_multipage;Создание многостраничных сайтов;создание многостраничных сайтов;"многостраничный сайт; многостраничный сайт под ключ; создание многостраничного сайта; разработка многостраничного сайта; конструктор многостраничных сайтов";Коммерческий;;0;0;0;5;/web-studiya/sozdanie-saitov/mnogostranichnye-sayty;/web-studiya/sozdanie-saitov/mnogostranichnye-sayty;NEW;Низкий;Отдельный интент или стратегическая страница отсутствует в опубликованной структуре.;Высокая
site_corporate;Создание корпоративного сайта;создание корпоративного сайта;"создать корпоративный сайт; корпоративный сайт компании; создание корпоративных сайтов; разработка корпоративных сайтов; создание корпоративного сайта астана; продвижение корпоративных сайтов; заказать корпоративный сайт под ключ; создание корпоративных сайтов под ключ; создание корпоративного сайта под ключ; разработка корпоративных сайтов в алмате";Коммерческий;50;200;0;54;31;/web-studiya/sozdanie-saitov/korporativnyy-sayt;/web-studiya/sozdanie-saitov/korporativnyy-sayt;NEW;Низкий;Отдельный интент или стратегическая страница отсутствует в опубликованной структуре.;Высокая
site_ecommerce;Создание интернет-магазинов;создание интернет-магазинов;"создать интернет магазин; создания интернет магазина; раскрутка интернет магазина; интернет магазин разработка; создание интернет магазинов; интернет магазин цена сайта; поддержка интернет магазина; разработка интернет магазина; раскрутка интернет магазинов; продвижение интернет магазина";Коммерческий;50;3200;0;0;109;/web-studiya/sozdanie-saitov/internet-magazin;/web-studiya/sozdanie-saitov/internet-magazin;NEW;Низкий;Отдельный интент или стратегическая страница отсутствует в опубликованной структуре.;Высокая
site_online_school;Создание онлайн-школ;создание сайта онлайн школы;"продюсерский центр онлайн школ; агентство продвижения онлайн школ; агентство продвижение онлайн школы; агентство по продвижению онлайн школ; лиды для онлайн школы; создание сайта для онлайн школы";Коммерческий;;0;0;136;6;"/sozdanie-onlain-shkol-i-kursov; /web-studiya/sozdanie-saitov/onlayn-shkola";/sozdanie-onlain-shkol-i-kursov;UPDATE;Низкий;Сохраняем старый URL с кликами и показами GSC вместо создания второго адреса под тот же интент.;Высокая
site_business_card;Создание сайта-визитки;создание сайта-визитки;"сайт визитка в алматы; сайт визитка; сайт визитка под ключ";Коммерческий;;0;0;7;3;/web-studiya/sozdanie-saitov/sayt-vizitka;/web-studiya/sozdanie-saitov/sayt-vizitka;NEW;Низкий;Отдельный интент или стратегическая страница отсутствует в опубликованной структуре.;Высокая
site_redesign;Редизайн сайтов;редизайн сайтов;"переделка сайта; модернизация сайта; редизайн сайта; редизайн лендинга; заказать редизайн сайта; редизайн существующего сайта";Коммерческий;50;100;0;0;6;/web-studiya/sozdanie-saitov/redizayn-sayta;/web-studiya/sozdanie-saitov/redizayn-sayta;NEW;Низкий;Отдельный интент или стратегическая страница отсутствует в опубликованной структуре.;Высокая
site_integrations;Интеграции;интеграции;интеграция сайта с сервисами;Коммерческий;;0;0;0;1;/web-studiya/sozdanie-saitov/integratsii;/web-studiya/sozdanie-saitov/integratsii;NEW;Низкий;Отдельный интент или стратегическая страница отсутствует в опубликованной структуре.;Высокая
site_calculators;Разработка онлайн-калькуляторов;разработка онлайн-калькуляторов;"калькулятор для сайта; разработка калькулятора для сайта";Коммерческий;;0;0;0;2;/web-studiya/sozdanie-saitov/onlayn-kalkulyatory;/web-studiya/sozdanie-saitov/onlayn-kalkulyatory;NEW;Низкий;Отдельный интент или стратегическая страница отсутствует в опубликованной структуре.;Высокая
site_ai_consultants;Внедрение AI-консультантов;внедрение ai-консультантов;нет данных;Коммерческий;;0;0;0;0;/web-studiya/sozdanie-saitov/ai-konsultanty;/web-studiya/sozdanie-saitov/ai-konsultanty;NEW;Низкий;Отдельный интент или стратегическая страница отсутствует в опубликованной структуре.;Высокая
design;Услуги дизайнера;услуги дизайнера;"веб дизайна; дизайн сайтов; дизайнер сайтов; веб дизайн сайта; веб дизайн студия; веб дизайнер сайт; топ дизайн сайтов; студия веб дизайна; цена дизайна сайта; веб дизайн компании";Коммерческий;500;3950;0;55;73;/web-studiya/dizayn;/web-studiya/dizayn;KEEP;Низкий;"Существующий URL сохраняется; отдельный интент подтверждён архитектурой и/или данными.";Высокая
design_naming;Нейминг;нейминг;нет данных;Коммерческий;;0;0;0;0;/web-studiya/dizayn/neyming;/web-studiya/dizayn/neyming;NEW;Низкий;Отдельный интент или стратегическая страница отсутствует в опубликованной структуре.;Высокая
design_brandbook;Создание брендбука;создание брендбука;"брендбук цена; фирменный стиль; дизайн брендбука; заказать брендбук; брендбук компании; брендбук под ключ; разработка брендбука; фирменный стиль цена; дизайн фирменного стиля; фирменный стиль под ключ";Коммерческий;;0;0;0;15;/web-studiya/dizayn/brendbuk;/web-studiya/dizayn/brendbuk;NEW;Низкий;Отдельный интент или стратегическая страница отсутствует в опубликованной структуре.;Высокая
design_logo;Создание логотипа;создание логотипа;"сделать логотип; дизайн логотипа; заказать логотип; логотип под ключ; редизайн логотипа; логотип для бренда; разработка логотипа; логотип для бизнеса; логотип для компании; создание логотипа цена";Коммерческий;;0;0;0;16;/web-studiya/dizayn/logotip;/web-studiya/dizayn/logotip;NEW;Низкий;Отдельный интент или стратегическая страница отсутствует в опубликованной структуре.;Высокая
seo;SEO-продвижение;seo продвижение сайтов;"seo продвижение; seo оптимизация; продвижение сайтов; seo продвижение сайта; seo ru; сайт сео; сайт seo; гугл сео; seo сайта; seo сайты";Коммерческий;500;37950;1;25982;1139;"/seo-prodvizhenie-sajtov; /web-studiya/seo-prodvizhenie";/seo-prodvizhenie-sajtov;UPDATE;Высокий;"Есть legacy-дубли или пересечение со страницами старой карты; применять канонизацию и 301.";Высокая
seo_google;Продвижение в Google;продвижение в google;"продвижение гугл; гугл оптимизация; гугл продвижение; продвижение в гугл; google продвижение; google оптимизация; продвижение google; seo продвижение гугл; сео продвижение гугл; гугл продвижение сайта";Коммерческий;50;1250;0;0;30;/web-studiya/seo-prodvizhenie/google;/web-studiya/seo-prodvizhenie/google;NEW;Низкий;Отдельный интент или стратегическая страница отсутствует в опубликованной структуре.;Высокая
seo_yandex;Продвижение в Яндекс;продвижение в яндекс;"яндекс seo; яндекс сео; яндекс продвижение; продвижение яндекс; seo продвижение яндекс; яндекс seo оптимизация; яндекс сео продвижение; сео продвижение яндекс; сайт продвижение яндекс; яндекс продвижение сайта";Коммерческий;50;1150;0;0;27;/web-studiya/seo-prodvizhenie/yandex;/web-studiya/seo-prodvizhenie/yandex;NEW;Низкий;Отдельный интент или стратегическая страница отсутствует в опубликованной структуре.;Высокая
aeo;AEO-продвижение;aeo продвижение;"aeo; aeo аудит; faq для aeo; aeo агентство; aeo стратегия; что такое aeo; aeo оптимизация; aeo аудит сайта; geo продвижение; seo aeo geo отличия";Коммерческий;;0;0;0;26;"/web-studiya/aeo-prodvizhenie; /web-studiya/aeo-geo-prodvizhenie";/web-studiya/aeo-geo-prodvizhenie;KEEP;Низкий;Сохраняем уже опубликованный URL /web-studiya/aeo-geo-prodvizhenie.;Высокая
ppc;Контекстная реклама;контекстная реклама;"сайт реклама; реклама сайта; создать рекламный сайт; создание сайтов реклама; seo контекстная реклама; контекстное продвижение; контекстная реклама seo; раскрутка реклама сайта; раскрутка сайта реклама; реклама сайта раскрутка";Коммерческий;50;2400;0;1072;116;/web-studiya/kontekstnaya-reklama;/web-studiya/kontekstnaya-reklama;KEEP;Низкий;"Существующий URL сохраняется; отдельный интент подтверждён архитектурой и/или данными.";Высокая
ppc_google;Контекстная реклама в Google;контекстная реклама google;"реклама сайта гугл; реклама сайта в гугл; реклама сайта в google; контекстная реклама в google; гугл контекстная реклама для сайта; заказать контекстную рекламу google; контекстная реклама в интернете google; заказать настройку контекстной рекламы google; контекстная реклама google заказать; реклама в гугл казахстан";Коммерческий;50;400;0;763;70;"/contextnaya-reklama-google; /web-studiya/kontekstnaya-reklama/google-ads";/contextnaya-reklama-google;UPDATE;Низкий;"Сохраняем старый URL с данными GSC; новый адрес из карты не создаём как дубль.";Высокая
ppc_yandex;Контекстная реклама в Яндекс;контекстная реклама яндекс;"seo яндекс директ; реклама сайта яндекс; реклама сайта в яндекс; реклама сайта на яндекс; продвижение яндекс директ; яндекс контекстная реклама; продвижение в яндекс директ; раскрутка сайта яндекс директ; яндекс директ продвижение сайта; продвижение сайта яндекс директ";Коммерческий;50;600;0;696;75;"/contextnaya-reklama-yandex; /web-studiya/kontekstnaya-reklama/yandex-direct";/contextnaya-reklama-yandex;UPDATE;Низкий;"Сохраняем старый URL с кликами и показами GSC; вложенный адрес не нужен.";Высокая
leadgen;Лидогенерация;лидогенерация;"генерация лидов; лидогенерация b2b; b2b лидогенерация; лидогенерация цена; услуги лидогенерации; заказать лидогенерацию; лидогенерация под ключ; агентство лидогенерации; настройка лидогенерации; стоимость лидогенерации";Коммерческий;;0;0;0;17;/web-studiya/lidogeneratsiya;/web-studiya/lidogeneratsiya;KEEP;Низкий;"Существующий URL сохраняется; отдельный интент подтверждён архитектурой и/или данными.";Высокая
site_support;Поддержка сайтов;поддержка сайтов;"настройка сайта; ведение сайта; развитие сайта; обслуживание сайта; сопровождение сайтов; поддержка сайтов цена; услуги поддержки сайта; администрирование сайтов; обслуживание сайтов цена; создание и ведение сайта";Коммерческий;500;2150;0;4;56;/web-studiya/podderzhka-saytov;/web-studiya/podderzhka-saytov;KEEP;Высокий;"Есть legacy-дубли или пересечение со страницами старой карты; применять канонизацию и 301.";Высокая
digital_consulting;Digital-консалтинг;digital-консалтинг;"диджитал консалтинг; digital консалтинг; digital консалтинг для бизнеса";Коммерческий;50;50;0;0;3;/web-studiya/digital-konsalting;/web-studiya/digital-konsalting;KEEP;Низкий;"Существующий URL сохраняется; отдельный интент подтверждён архитектурой и/или данными.";Высокая
audit_site;Аудит сайта;аудит сайта;"аудит веб сайта; geo аудит; ux аудит сайта; ui аудит сайта; ai аудит сайта; ии аудит сайта; аудит лендинга; geo аудит сайта; аудит форм заявок; полный аудит сайта";Коммерческий;50;50;0;0;40;/web-studiya/digital-konsalting/audit-sayta;/web-studiya/digital-konsalting/audit-sayta;NEW;Низкий;Отдельный интент или стратегическая страница отсутствует в опубликованной структуре.;Высокая
audit_promotion;Аудит продвижения;аудит продвижения;"seo аудит сайта в казахстане; seo аудит в алматы; ai seo аудит; seo аудит цена; seo аудит сайта; сео аудит сайта; seo аудит астана; seo аудит алматы; seo аудит заказать; заказать seo аудит";Коммерческий;;0;0;22;26;/web-studiya/digital-konsalting/audit-prodvizheniya;/web-studiya/digital-konsalting/audit-prodvizheniya;NEW;Низкий;Отдельный интент или стратегическая страница отсутствует в опубликованной структуре.;Высокая
digital_strategy;Digital-стратегия;digital-стратегия;"digital стратегия; диджитал стратегия; разработка digital стратегии";Коммерческий;;0;0;0;3;/web-studiya/digital-konsalting/digital-strategiya;/web-studiya/digital-konsalting/digital-strategiya;NEW;Низкий;Отдельный интент или стратегическая страница отсутствует в опубликованной структуре.;Высокая
business_consultation;Консультация для бизнеса;консультация для бизнеса;"консультация по продвижению сайтов; консультации продвижение сайтов; продвижение сайта консультация; консультация по продвижению сайта; консультация digital маркетолога; консультация по продвижению бизнеса";Коммерческий;;0;0;41;6;/web-studiya/digital-konsalting/konsultatsiya-dlya-biznesa;/web-studiya/digital-konsalting/konsultatsiya-dlya-biznesa;NEW;Низкий;Отдельный интент или стратегическая страница отсутствует в опубликованной структуре.;Высокая
crm;CRM и автоматизация;crm и автоматизация;"система crm на предприятии; аудит crm; crm под ключ; миграция crm; аудит amocrm; лендинг с crm; crm для услуг; перенос в crm; что такое crm; crm интегратор";Коммерческий;0;0;0;0;37;/crm;/crm;NEW;Низкий;Отдельный интент или стратегическая страница отсутствует в опубликованной структуре.;Высокая
crm_implementation;Внедрение CRM;внедрение crm;"внедрение срм; внедрение срм системы; внедрение crm системы; crm система внедрение; внедрение crm на предприятии; настройка crm; внедрение amocrm; настройка amocrm; внедрение crm цена; настройка crm системы";Коммерческий;50;250;0;0;18;/crm/vnedrenie-crm;/crm/vnedrenie-crm;NEW;Высокий;"Есть legacy-дубли или пересечение со страницами старой карты; применять канонизацию и 301.";Высокая
crm_automation;Автоматизация продаж;автоматизация продаж;"воронка продаж; автоматизация crm; онлайн воронка продаж; digital воронка продаж; создание воронки продаж; воронка продаж под ключ; настройка воронки продаж; воронка продаж для сайта; что такое воронка продаж; разработка воронки продаж";Коммерческий;;0;0;0;14;/crm/avtomatizatsiya-prodazh;/crm/avtomatizatsiya-prodazh;NEW;Низкий;Отдельный интент или стратегическая страница отсутствует в опубликованной структуре.;Высокая
crm_integration;Интеграция с CRM;интеграция с crm;"интеграция crm; интеграция amocrm; crm интеграция цена; интеграция crm с 1с; интеграция amocrm с 1с; интеграция crm с сайтом; подключение crm к сайту; интеграция crm с почтой; интеграция crm с whatsapp; интеграция crm с telegram";Коммерческий;;0;0;0;25;/crm/integratsiya-s-crm;/crm/integratsiya-s-crm;NEW;Низкий;Отдельный интент или стратегическая страница отсутствует в опубликованной структуре.;Высокая
academy;Академия Raskrutov;академия raskrutov;"вебинары маркетинг; контекстная реклама яндекс.директ обучение; курс geo; курсы no code; обучение amocrm; обучение no code; лендинг для курса; курсы веб дизайна; курс веб дизайнера; обучение ai поиску";Коммерческий / образовательный;;0;0;8;38;/akademiya;/akademiya;KEEP;Низкий;"Существующий URL сохраняется; отдельный интент подтверждён архитектурой и/или данными.";Высокая
academy_sites;Обучение созданию сайтов;обучение созданию сайтов;"курсы по созданию сайтов; онлайн курс создания сайтов; обучение продвижению сайтов; создание сайтов с нуля обучение; курс создания сайтов для начинающих; обучение созданию ai friendly сайтов; обучение сотрудников созданию сайтов; обучение работе в конструкторе сайтов; курс по оптимизации сайта под нейросети; создание сайтов на конструкторе обучение";Коммерческий / образовательный;;0;0;0;12;/akademiya/obuchenie-sozdaniyu-saytov;/akademiya/obuchenie-sozdaniyu-saytov;NEW;Низкий;Отдельный интент или стратегическая страница отсутствует в опубликованной структуре.;Высокая
academy_seo;Обучение SEO и AEO;обучение seo и aeo;"seo курсы алматы; курс aeo; курсы seo; обучение seo; обучение aeo; курс seo аудита; обучение ai seo; seo курсы онлайн; курсы seo астана; курсы seo алматы";Коммерческий / образовательный;;0;0;12;20;/akademiya/obuchenie-seo-aeo;/akademiya/obuchenie-seo-aeo;NEW;Низкий;Отдельный интент или стратегическая страница отсутствует в опубликованной структуре.;Высокая
academy_rbuilder;Обучение R-Builder;обучение r-builder;нет данных;Коммерческий / образовательный;;0;0;0;0;/akademiya/obuchenie-r-builder;/akademiya/obuchenie-r-builder;NEW;Низкий;Отдельный интент или стратегическая страница отсутствует в опубликованной структуре.;Высокая
academy_corporate;Корпоративное обучение;корпоративное обучение;"корпоративные курсы digital; корпоративное обучение сотрудников; корпоративное обучение интернет маркетингу";Коммерческий / образовательный;;0;0;0;3;/akademiya/korporativnoe-obuchenie;/akademiya/korporativnoe-obuchenie;NEW;Низкий;Отдельный интент или стратегическая страница отсутствует в опубликованной структуре.;Высокая
rbuilder;R-Builder;r-builder;нет данных;Продуктовый / коммерческий;;0;0;0;0;/r-builder;/r-builder;KEEP;Низкий;"Существующий URL сохраняется; отдельный интент подтверждён архитектурой и/или данными.";Высокая
rbuilder_about;Что такое R-Builder;что такое r-builder;нет данных;Продуктовый / коммерческий;;0;0;0;0;/r-builder/chto-takoe-r-builder;/r-builder/chto-takoe-r-builder;NEW;Низкий;Отдельный интент или стратегическая страница отсутствует в опубликованной структуре.;Высокая
rbuilder_ai;AI R-Builder;ai r-builder;нет данных;Продуктовый / коммерческий;;0;0;0;0;/r-builder/ai-r-builder;/r-builder/ai-r-builder;NEW;Низкий;Отдельный интент или стратегическая страница отсутствует в опубликованной структуре.;Высокая
rbuilder_features;Возможности платформы;возможности платформы;нет данных;Продуктовый / коммерческий;;0;0;0;0;/r-builder/vozmozhnosti;/r-builder/vozmozhnosti;NEW;Низкий;Отдельный интент или стратегическая страница отсутствует в опубликованной структуре.;Высокая
rbuilder_business;R-Builder для бизнеса;r-builder для бизнеса;нет данных;Продуктовый / коммерческий;;0;0;0;0;/r-builder/dlya-biznesa;/r-builder/dlya-biznesa;NEW;Низкий;Отдельный интент или стратегическая страница отсутствует в опубликованной структуре.;Высокая
partners;Партнёрам Raskrutov;партнерам raskrutov;"партнер amocrm; партнерство с веб студией; стать партнером веб студии; white label веб разработка; white label создание сайтов; white label digital агентство; white label конструктор сайтов; партнерство по созданию сайтов; партнерство с digital агентством; партнерская программа веб студии";Коммерческий;;0;0;0;13;/partneram;/partneram;KEEP;Низкий;"Существующий URL сохраняется; отдельный интент подтверждён архитектурой и/или данными.";Высокая
partners_franchise;Партнёрская программа — франшиза;партнерская программа - франшиза;"лиды для франшизы; франшиза веб студии; франшиза seo агентства; seo продвижение франшизы; франшиза digital агентства; создание сайта для франшизы; франшиза интернет маркетинга";Коммерческий;;0;0;0;7;/partneram/franshiza;/partneram/franshiza;NEW;Низкий;Отдельный интент или стратегическая страница отсутствует в опубликованной структуре.;Высокая
partners_packages;Пакеты партнёрства;пакеты партнерства;нет данных;Коммерческий;;0;0;0;0;/partneram/pakety-partnerstva;/partneram/pakety-partnerstva;NEW;Низкий;Отдельный интент или стратегическая страница отсутствует в опубликованной структуре.;Высокая
partners_agencies;Для рекламных агентств;для рекламных агентств;нет данных;Коммерческий;;0;0;0;0;/partneram/dlya-reklamnyh-agentstv;/partneram/dlya-reklamnyh-agentstv;NEW;Низкий;Отдельный интент или стратегическая страница отсутствует в опубликованной структуре.;Высокая
partners_current;Действующие партнёры;действующие партнеры;нет данных;Информационный / навигационный;;0;0;0;0;/partneram/deystvuyushchie-partnery;/partneram/deystvuyushchie-partnery;NEW;Низкий;Отдельный интент или стратегическая страница отсутствует в опубликованной структуре.;Высокая
cases;Кейсы Raskrutov;кейсы raskrutov;нет данных;Навигационный / коммерческий;;0;0;0;0;/keysy;/keysy;KEEP;Низкий;"Существующий URL сохраняется; отдельный интент подтверждён архитектурой и/или данными.";Высокая
cases_sites;Кейсы: сайты;кейсы сайты;нет данных;Навигационный / коммерческий;;0;0;0;0;/keysy/sayty;/keysy/sayty;KEEP;Низкий;"Существующий URL сохраняется; отдельный интент подтверждён архитектурой и/или данными.";Высокая
cases_seo;Кейсы: продвижение;кейсы продвижение;нет данных;Навигационный / коммерческий;;0;0;0;0;/keysy/prodvizhenie;/keysy/prodvizhenie;KEEP;Низкий;"Существующий URL сохраняется; отдельный интент подтверждён архитектурой и/или данными.";Высокая
cases_crm;Кейсы: CRM;кейсы crm;нет данных;Навигационный / коммерческий;;0;0;0;0;/keysy/crm;/keysy/crm;NEW;Низкий;Отдельный интент или стратегическая страница отсутствует в опубликованной структуре.;Высокая
cases_academy;Кейсы: Академия;кейсы академия;нет данных;Навигационный / коммерческий;;0;0;0;0;/keysy/akademiya;/keysy/akademiya;NEW;Низкий;Отдельный интент или стратегическая страница отсутствует в опубликованной структуре.;Высокая
cases_partners;Кейсы: партнёры;кейсы партнеры;нет данных;Навигационный / коммерческий;;0;0;0;0;/keysy/partnery;/keysy/partnery;NEW;Низкий;Отдельный интент или стратегическая страница отсутствует в опубликованной структуре.;Высокая
faq;Вопросы и ответы;вопросы и ответы;нет данных;Информационный / навигационный;;0;0;0;0;/faq;/faq;KEEP;Высокий;"Есть legacy-дубли или пересечение со страницами старой карты; применять канонизацию и 301.";Высокая
about;О компании Raskrutov;Raskrutov компания;нет данных;Коммерческий;;0;0;0;0;/o-kompanii;/o-kompanii;KEEP;Низкий;"Существующий URL сохраняется; отдельный интент подтверждён архитектурой и/или данными.";Высокая
about_us;О нас;веб студия Raskrutov;нет данных;Коммерческий;;0;0;0;0;"/about-us; /o-kompanii/o-nas";/about-us;UPDATE;Низкий;"Сохраняем /about-us с кликами и показами GSC; новый дубль /o-kompanii/o-nas перенаправляем.";Высокая
about_team;Команда;команда;нет данных;Информационный / навигационный;;0;0;0;0;/o-kompanii/komanda;/o-kompanii/komanda;KEEP;Низкий;"Существующий URL сохраняется; отдельный интент подтверждён архитектурой и/или данными.";Высокая
about_letters;Благодарственные письма;благодарственные письма;нет данных;Информационный / навигационный;;0;0;0;0;/o-kompanii/blagodarstvennye-pisma;/o-kompanii/blagodarstvennye-pisma;NEW;Низкий;Отдельный интент или стратегическая страница отсутствует в опубликованной структуре.;Высокая
about_clients;Наши клиенты;клиенты Raskrutov;нет данных;Коммерческий;;0;0;0;0;"/nashi-klienti; /o-kompanii/klienty";/nashi-klienti;UPDATE;Низкий;Сохраняем /nashi-klienti: URL имеет клики, показы и позиции GSC.;Высокая
blog;Блог;блог о создании и продвижении сайтов;нет данных;Коммерческий;;0;0;0;0;/o-kompanii/blog;/blog;NEW;Низкий;Выносим блог из раздела «О компании» в самостоятельный информационный хаб /blog.;Высокая
about_jobs;Вакансии;вакансии;нет данных;Информационный / навигационный;;0;0;0;0;/o-kompanii/vakansii;/o-kompanii/vakansii;NEW;Низкий;Отдельный интент или стратегическая страница отсутствует в опубликованной структуре.;Высокая
contacts;Контакты Raskrutov;контакты Raskrutov;нет данных;Коммерческий;;0;0;0;0;"/kontakti; /kontakty";/kontakti;UPDATE;Низкий;"Сохраняем /kontakti с кликами и сильными позициями; /kontakty перенаправляем.";Высокая
site_1c_integration;Интеграция сайта с 1С;создание сайта с интеграцией 1с;нет данных;Коммерческий;;0;0;0;0;/sozdanie-saitov-s-1c-integraciya;/sozdanie-saitov-s-1c-integraciya;UPDATE;Низкий;"Старый URL имеет показы и позицию GSC; интент отличается от общей страницы интеграций.";Средняя
about_reviews;Отзывы;Raskrutov отзывы;нет данных;Навигационный / репутационный;;0;0;0;0;/otzivi;/otzivi;UPDATE;Низкий;"URL имеет клики и показы GSC; страница усиливает доверие и коммерческие разделы.";Высокая
about_founder;Основатель Raskrutov;основатель Raskrutov;нет данных;Навигационный / репутационный;;0;0;0;0;/about-founder;/about-founder;UPDATE;Низкий;"URL имеет клики и среднюю позицию около топ-5 в GSC; перенос адреса не оправдан.";Высокая
site_geo_petropavlovsk;Создание сайтов в Петропавловске;создание сайтов петропавловск;разработка сайтов петропавловск;Коммерческий геозависимый;;0;2;101;2;/sozdanie-saitov-v-Petropavlovske;/sozdanie-saitov-v-Petropavlovske;UPDATE;Средний;"Существующий геокластер сохранён и включён в матрицу 18 городов; требуется уникальный локальный контент и связь с городским хабом.";Высокая
site_geo_astana;Создание сайтов в Астане;создание сайтов астана;"заказать сайт астана; создание сайтов в астане с нуля; создание сайтов астане; разработка сайтов астана; разработка сайтов в астане с нуля; разработка сайта в астане; создание сайтов в астане; разработка сайта астана; разработка сайтов в астане; создание сайтов в астане под ключ";Коммерческий геозависимый;;0;0;1320;19;/sozdanie-saitov-v-astane;/sozdanie-saitov-v-astane;UPDATE;Средний;"Существующий геокластер сохранён и включён в матрицу 18 городов; требуется уникальный локальный контент и связь с городским хабом.";Высокая
site_geo_almaty;Создание сайтов в Алматы;создание сайтов алматы;"разработка сайтов алматы; создание сайта под ключ алматы; разработка сайтов под ключ алматы; сайт под ключ алматы; создание сайтов в алматы; заказать сайт для бизнеса алматы; разработка сайтов в алматы; сайт для бизнеса алматы; заказать сайт алматы; создать сайт в алматы";Коммерческий геозависимый;;0;1;2130;23;/sozdanie-saitov-v-almaty;/sozdanie-saitov-v-almaty;UPDATE;Средний;"Существующий геокластер сохранён и включён в матрицу 18 городов; требуется уникальный локальный контент и связь с городским хабом.";Высокая
site_geo_shymkent;Создание сайтов в Шымкенте;создание сайтов шымкент;"создать сайт в шымкенте; разработка сайтов шымкент; разработка сайтов в шымкенте";Коммерческий геозависимый;;0;0;102;4;/sozdanie-saitov-v-shimkente;/sozdanie-saitov-v-shimkente;UPDATE;Средний;"Существующий геокластер сохранён и включён в матрицу 18 городов; требуется уникальный локальный контент и связь с городским хабом.";Высокая
site_geo_karaganda;Создание сайтов в Караганде;создание сайтов караганда;"разработка сайтов в караганде; разработка сайтов караганда";Коммерческий геозависимый;;0;0;14;3;/sozdanie-saitov-v-karagande;/sozdanie-saitov-v-karagande;UPDATE;Средний;"Существующий геокластер сохранён и включён в матрицу 18 городов; требуется уникальный локальный контент и связь с городским хабом.";Высокая
seo_geo_petropavlovsk;SEO-продвижение сайтов в Петропавловске;seo продвижение петропавловск;"seo петропавловск; продвижение сайтов петропавловск";Коммерческий геозависимый;;0;0;334;3;/seo-prodvizhenie-sajtov-v-petropavlovske;/seo-prodvizhenie-sajtov-v-petropavlovske;UPDATE;Средний;"Существующий геокластер сохранён и включён в матрицу 18 городов; требуется уникальный локальный контент и связь с городским хабом.";Высокая
seo_geo_astana;SEO-продвижение сайтов в Астане;seo продвижение астана;"продвижение сайтов в астане; раскрутка сайтов в астане; seo астана; seo продвижение сайтов в астане; раскрутка сайта астана; seo продвижение в астане; сео продвижение в астане; seo оптимизация в астане; заказать seo продвижегие нурсултан; сео в астане";Коммерческий геозависимый;;0;0;1967;23;/seo-prodvizhenie-sajtov-v-astane;/seo-prodvizhenie-sajtov-v-astane;UPDATE;Средний;"Существующий геокластер сохранён и включён в матрицу 18 городов; требуется уникальный локальный контент и связь с городским хабом.";Высокая
seo_geo_almaty;SEO-продвижение сайтов в Алматы;seo продвижение алматы;"seo алматы; seo продвижение сайтов в алматы; продвижение сайтов в алматы; seo оптимизация алматы; seo продвижение сайта алматы; сео продвижение алматы; продвижение сайта в алматы; раскрутка сайтов алматы; сео оптимизация алматы; seo продвижение сайта в алматы";Коммерческий геозависимый;;0;0;5100;41;/seo-prodvizhenie-sajtov-v-almaty;/seo-prodvizhenie-sajtov-v-almaty;UPDATE;Средний;"Существующий геокластер сохранён и включён в матрицу 18 городов; требуется уникальный локальный контент и связь с городским хабом.";Высокая
seo_geo_shymkent;SEO-продвижение сайтов в Шымкенте;seo продвижение шымкент;"продвижение сайтов шымкент; раскрутка сайтов шымкент";Коммерческий геозависимый;;0;0;42;2;/seo-prodvizhenie-sajtov-v-shimkente;/seo-prodvizhenie-sajtov-v-shimkente;UPDATE;Средний;"Существующий геокластер сохранён и включён в матрицу 18 городов; требуется уникальный локальный контент и связь с городским хабом.";Высокая
seo_geo_karaganda;SEO-продвижение сайтов в Караганде;seo продвижение караганда;"seo караганда; раскрутка сайтов караганда; продвижение сайтов караганда";Коммерческий геозависимый;;0;0;185;3;/seo-prodvizhenie-sajtov-v-karagande;/seo-prodvizhenie-sajtov-v-karagande;UPDATE;Средний;"Существующий геокластер сохранён и включён в матрицу 18 городов; требуется уникальный локальный контент и связь с городским хабом.";Высокая
article_choose_platform;Как выбрать платформу для сайта в Казахстане;как выбрать платформу для сайта;конструктор сайтов для бизнеса;Информационный;;0;0;0;1;/sozdanie-sajtov-v-kazakhstane-kak-vybrat-podkhodyashchuyu-platformu;/sozdanie-sajtov-v-kazakhstane-kak-vybrat-podkhodyashchuyu-platformu;UPDATE;Средний;Нужно развести коммерческий и информационный интент и обеспечить уникальный локальный/экспертный контент.;Средняя
article_design_petropavlovsk;Как выбрать дизайн сайта, который привлекает клиентов;как выбрать дизайн сайта;нет данных;Информационный;;0;0;0;0;/sozdanie-sajtov-v-petropavlovske-kak-vybrat-dizajn-kotoryj-privlekaet-klientov;/sozdanie-sajtov-v-petropavlovske-kak-vybrat-dizajn-kotoryj-privlekaet-klientov;UPDATE;Средний;Нужно развести коммерческий и информационный интент и обеспечить уникальный локальный/экспертный контент.;Средняя
article_choose_studio_petropavlovsk;Как выбрать веб-студию в Петропавловске;как выбрать веб студию петропавловск;нет данных;Информационный;;0;0;0;0;/sozdanie-sajtov-v-petropavlovske-kak-vybrat-luchshuyu-veb-studiyu;/sozdanie-sajtov-v-petropavlovske-kak-vybrat-luchshuyu-veb-studiyu;UPDATE;Средний;Нужно развести коммерческий и информационный интент и обеспечить уникальный локальный/экспертный контент.;Средняя
article_seo_kz_strategy;Стратегии SEO-продвижения сайтов в Казахстане;стратегии продвижения сайтов в казахстане;"методы seo; методы seo оптимизации; методы seo продвижения; методы раскрутки сайта; способы раскрутки сайта; методы продвижения сайта; методы оптимизации сайта; методы продвижение сайта; способы продвижения сайта; способы оптимизации сайта";Информационный;50;900;0;133;26;/strategii-prodvizheniya-sajtov-v-kazakhstane;/strategii-prodvizheniya-sajtov-v-kazakhstane;UPDATE;Средний;Нужно развести коммерческий и информационный интент и обеспечить уникальный локальный/экспертный контент.;Средняя
article_seo_almaty_guide;Гид по SEO-продвижению для бизнеса в Алматы;seo продвижение в алматы;нет данных;Информационный;;0;0;0;0;/seo-prodvizhenie-v-almaty-polnyj-gid-dlya-biznesa;/seo-prodvizhenie-v-almaty-polnyj-gid-dlya-biznesa;UPDATE;Средний;Нужно развести коммерческий и информационный интент и обеспечить уникальный локальный/экспертный контент.;Средняя
article_seo_petropavlovsk_guide;Гид по SEO-продвижению в Петропавловске;seo продвижение петропавловск;нет данных;Информационный;;0;0;0;0;/seo-prodvizhenie-v-petropavlovske-polnyj-gid-dlya-biznesa;/seo-prodvizhenie-v-petropavlovske-polnyj-gid-dlya-biznesa;UPDATE;Средний;Нужно развести коммерческий и информационный интент и обеспечить уникальный локальный/экспертный контент.;Средняя
article_mobile_site;Мобильная версия сайта;мобильная версия сайта;нет данных;Информационный;;0;0;0;0;/mobilnaya-versiya-sajta;/mobilnaya-versiya-sajta;UPDATE;Средний;Нужно развести коммерческий и информационный интент и обеспечить уникальный локальный/экспертный контент.;Средняя
article_context_ads_importance;Зачем бизнесу контекстная реклама;зачем нужна контекстная реклама;нет данных;Информационный;;0;0;0;0;/vazhnost-kontekstnoj-reklamy-dlya-biznesa;/vazhnost-kontekstnoj-reklamy-dlya-biznesa;UPDATE;Средний;Нужно развести коммерческий и информационный интент и обеспечить уникальный локальный/экспертный контент.;Средняя
article_context_ads_kz;Как добиться результата от контекстной рекламы в Казахстане;контекстная реклама в казахстане;нет данных;Информационный;;0;0;0;0;/kontekstnaya-reklama-v-kazakhstane-kak-dobitsya-uspekha-;/kontekstnaya-reklama-v-kazakhstane-kak-dobitsya-uspekha-;UPDATE;Средний;Нужно развести коммерческий и информационный интент и обеспечить уникальный локальный/экспертный контент.;Средняя
case_manufacturing_astana;Кейс производственной компании в Астане;Кейс производственной компании в Астане;нет данных;Навигационный / репутационный;;0;0;0;0;/kejs-proizvodstvennaya-kompaniya-v-astane;/kejs-proizvodstvennaya-kompaniya-v-astane;UPDATE;Низкий;"Сохраняем существующий URL кейса с позициями GSC; содержание требует ручной фактологической проверки.";Средняя
case_raki;Кейс: проект «Раки»;Кейс: проект «Раки»;нет данных;Навигационный / репутационный;;0;0;0;0;/kejs-raki;/kejs-raki;UPDATE;Низкий;"Сохраняем существующий URL кейса с позициями GSC; содержание требует ручной фактологической проверки.";Средняя
case_warm_floor;Кейс: тёплый пол;Кейс: тёплый пол;нет данных;Навигационный / репутационный;;0;0;0;0;/kejs-teplyj-pol;/kejs-teplyj-pol;UPDATE;Низкий;"Сохраняем существующий URL кейса с позициями GSC; содержание требует ручной фактологической проверки.";Средняя
case_laminate;Кейс: ламинат;Кейс: ламинат;нет данных;Навигационный / репутационный;;0;0;0;0;/kejs-laminat;/kejs-laminat;UPDATE;Низкий;"Сохраняем существующий URL кейса с позициями GSC; содержание требует ручной фактологической проверки.";Средняя
legal_privacy;Политика конфиденциальности;Политика конфиденциальности;нет данных;Служебный / юридический;;0;0;0;0;нет;/politika-konfidencialnosti;NEW;Низкий;"Обязательная служебная страница; поисковый спрос не является основанием создания.";Высокая
legal_consent;Согласие на обработку персональных данных;Согласие на обработку персональных данных;нет данных;Служебный / юридический;;0;0;0;0;нет;/soglasie-na-obrabotku-personalnyh-dannyh;NEW;Низкий;"Обязательная служебная страница; поисковый спрос не является основанием создания.";Высокая
legal_offer;Публичная оферта;Публичная оферта;нет данных;Служебный / юридический;;0;0;0;0;нет;/publichnaya-oferta;NEW;Низкий;"Обязательная служебная страница; поисковый спрос не является основанием создания.";Высокая
webstudio_geo_almaty;Веб-студия в Алматы;веб студия алматы;"услуги веб студии алматы; digital агентство алматы; интернет агентство алматы";Коммерческий геозависимый;;0;0;0;4;;/web-studiya/almaty;NEW;Средний;Развести с национальной услугой и другими городами через уникальный локальный интент, кейсы и внутреннюю перелинковку. Частотность не подтверждена.;Средняя
design_geo_almaty;Услуги дизайнера в Алматы;услуги дизайнера алматы;"веб дизайн алматы; дизайн сайта алматы; брендинг алматы";Коммерческий геозависимый;;0;0;0;4;;/web-studiya/dizayn/almaty;NEW;Средний;Развести с национальной услугой и другими городами через уникальный локальный интент, кейсы и внутреннюю перелинковку. Частотность не подтверждена.;Средняя
aeo_geo_almaty;AEO/GEO-продвижение в Алматы;продвижение в ии поиске алматы;"aeo продвижение алматы; geo продвижение алматы; оптимизация сайта под ии алматы";Коммерческий геозависимый;;0;0;0;4;;/web-studiya/aeo-geo-prodvizhenie/almaty;NEW;Средний;Развести с национальной услугой и другими городами через уникальный локальный интент, кейсы и внутреннюю перелинковку. Частотность не подтверждена.;Средняя
ppc_geo_almaty;Контекстная реклама в Алматы;контекстная реклама алматы;"настройка google ads алматы; яндекс директ алматы; реклама сайта алматы";Коммерческий геозависимый;;0;0;0;4;;/web-studiya/kontekstnaya-reklama/almaty;NEW;Средний;Развести с национальной услугой и другими городами через уникальный локальный интент, кейсы и внутреннюю перелинковку. Частотность не подтверждена.;Средняя
leadgen_geo_almaty;Лидогенерация в Алматы;лидогенерация алматы;"генерация лидов алматы; лидогенерация для бизнеса алматы; заказать лидогенерацию алматы";Коммерческий геозависимый;;0;0;0;4;;/web-studiya/lidogeneratsiya/almaty;NEW;Средний;Развести с национальной услугой и другими городами через уникальный локальный интент, кейсы и внутреннюю перелинковку. Частотность не подтверждена.;Средняя
site_support_geo_almaty;Поддержка сайтов в Алматы;поддержка сайтов алматы;"техническая поддержка сайта алматы; обслуживание сайтов алматы; сопровождение сайта алматы";Коммерческий геозависимый;;0;0;0;4;;/web-studiya/podderzhka-saytov/almaty;NEW;Средний;Развести с национальной услугой и другими городами через уникальный локальный интент, кейсы и внутреннюю перелинковку. Частотность не подтверждена.;Средняя
digital_consulting_geo_almaty;Digital-консалтинг в Алматы;digital консалтинг алматы;"интернет маркетинг консалтинг алматы; digital стратегия алматы; аудит интернет маркетинга алматы";Коммерческий геозависимый;;0;0;0;4;;/web-studiya/digital-konsalting/almaty;NEW;Средний;Развести с национальной услугой и другими городами через уникальный локальный интент, кейсы и внутреннюю перелинковку. Частотность не подтверждена.;Средняя
webstudio_geo_astana;Веб-студия в Астане;веб студия астана;"услуги веб студии астана; digital агентство астана; интернет агентство астана";Коммерческий геозависимый;;0;0;0;4;;/web-studiya/astana;NEW;Средний;Развести с национальной услугой и другими городами через уникальный локальный интент, кейсы и внутреннюю перелинковку. Частотность не подтверждена.;Средняя
design_geo_astana;Услуги дизайнера в Астане;услуги дизайнера астана;"веб дизайн астана; дизайн сайта астана; брендинг астана";Коммерческий геозависимый;;0;0;0;4;;/web-studiya/dizayn/astana;NEW;Средний;Развести с национальной услугой и другими городами через уникальный локальный интент, кейсы и внутреннюю перелинковку. Частотность не подтверждена.;Средняя
aeo_geo_astana;AEO/GEO-продвижение в Астане;продвижение в ии поиске астана;"aeo продвижение астана; geo продвижение астана; оптимизация сайта под ии астана";Коммерческий геозависимый;;0;0;0;4;;/web-studiya/aeo-geo-prodvizhenie/astana;NEW;Средний;Развести с национальной услугой и другими городами через уникальный локальный интент, кейсы и внутреннюю перелинковку. Частотность не подтверждена.;Средняя
ppc_geo_astana;Контекстная реклама в Астане;контекстная реклама астана;"настройка google ads астана; яндекс директ астана; реклама сайта астана";Коммерческий геозависимый;;0;0;0;4;;/web-studiya/kontekstnaya-reklama/astana;NEW;Средний;Развести с национальной услугой и другими городами через уникальный локальный интент, кейсы и внутреннюю перелинковку. Частотность не подтверждена.;Средняя
leadgen_geo_astana;Лидогенерация в Астане;лидогенерация астана;"генерация лидов астана; лидогенерация для бизнеса астана; заказать лидогенерацию астана";Коммерческий геозависимый;;0;0;0;4;;/web-studiya/lidogeneratsiya/astana;NEW;Средний;Развести с национальной услугой и другими городами через уникальный локальный интент, кейсы и внутреннюю перелинковку. Частотность не подтверждена.;Средняя
site_support_geo_astana;Поддержка сайтов в Астане;поддержка сайтов астана;"техническая поддержка сайта астана; обслуживание сайтов астана; сопровождение сайта астана";Коммерческий геозависимый;;0;0;0;4;;/web-studiya/podderzhka-saytov/astana;NEW;Средний;Развести с национальной услугой и другими городами через уникальный локальный интент, кейсы и внутреннюю перелинковку. Частотность не подтверждена.;Средняя
digital_consulting_geo_astana;Digital-консалтинг в Астане;digital консалтинг астана;"интернет маркетинг консалтинг астана; digital стратегия астана; аудит интернет маркетинга астана";Коммерческий геозависимый;;0;0;0;4;;/web-studiya/digital-konsalting/astana;NEW;Средний;Развести с национальной услугой и другими городами через уникальный локальный интент, кейсы и внутреннюю перелинковку. Частотность не подтверждена.;Средняя
webstudio_geo_shymkent;Веб-студия в Шымкенте;веб студия шымкент;"услуги веб студии шымкент; digital агентство шымкент; интернет агентство шымкент";Коммерческий геозависимый;;0;0;0;4;;/web-studiya/shymkent;NEW;Средний;Развести с национальной услугой и другими городами через уникальный локальный интент, кейсы и внутреннюю перелинковку. Частотность не подтверждена.;Средняя
design_geo_shymkent;Услуги дизайнера в Шымкенте;услуги дизайнера шымкент;"веб дизайн шымкент; дизайн сайта шымкент; брендинг шымкент";Коммерческий геозависимый;;0;0;0;4;;/web-studiya/dizayn/shymkent;NEW;Средний;Развести с национальной услугой и другими городами через уникальный локальный интент, кейсы и внутреннюю перелинковку. Частотность не подтверждена.;Средняя
aeo_geo_shymkent;AEO/GEO-продвижение в Шымкенте;продвижение в ии поиске шымкент;"aeo продвижение шымкент; geo продвижение шымкент; оптимизация сайта под ии шымкент";Коммерческий геозависимый;;0;0;0;4;;/web-studiya/aeo-geo-prodvizhenie/shymkent;NEW;Средний;Развести с национальной услугой и другими городами через уникальный локальный интент, кейсы и внутреннюю перелинковку. Частотность не подтверждена.;Средняя
ppc_geo_shymkent;Контекстная реклама в Шымкенте;контекстная реклама шымкент;"настройка google ads шымкент; яндекс директ шымкент; реклама сайта шымкент";Коммерческий геозависимый;;0;0;0;4;;/web-studiya/kontekstnaya-reklama/shymkent;NEW;Средний;Развести с национальной услугой и другими городами через уникальный локальный интент, кейсы и внутреннюю перелинковку. Частотность не подтверждена.;Средняя
leadgen_geo_shymkent;Лидогенерация в Шымкенте;лидогенерация шымкент;"генерация лидов шымкент; лидогенерация для бизнеса шымкент; заказать лидогенерацию шымкент";Коммерческий геозависимый;;0;0;0;4;;/web-studiya/lidogeneratsiya/shymkent;NEW;Средний;Развести с национальной услугой и другими городами через уникальный локальный интент, кейсы и внутреннюю перелинковку. Частотность не подтверждена.;Средняя
site_support_geo_shymkent;Поддержка сайтов в Шымкенте;поддержка сайтов шымкент;"техническая поддержка сайта шымкент; обслуживание сайтов шымкент; сопровождение сайта шымкент";Коммерческий геозависимый;;0;0;0;4;;/web-studiya/podderzhka-saytov/shymkent;NEW;Средний;Развести с национальной услугой и другими городами через уникальный локальный интент, кейсы и внутреннюю перелинковку. Частотность не подтверждена.;Средняя
digital_consulting_geo_shymkent;Digital-консалтинг в Шымкенте;digital консалтинг шымкент;"интернет маркетинг консалтинг шымкент; digital стратегия шымкент; аудит интернет маркетинга шымкент";Коммерческий геозависимый;;0;0;0;4;;/web-studiya/digital-konsalting/shymkent;NEW;Средний;Развести с национальной услугой и другими городами через уникальный локальный интент, кейсы и внутреннюю перелинковку. Частотность не подтверждена.;Средняя
webstudio_geo_aktau;Веб-студия в Актау;веб студия актау;"услуги веб студии актау; digital агентство актау; интернет агентство актау";Коммерческий геозависимый;;0;0;0;4;;/web-studiya/aktau;NEW;Средний;Развести с национальной услугой и другими городами через уникальный локальный интент, кейсы и внутреннюю перелинковку. Частотность не подтверждена.;Средняя
site_geo_aktau;Создание сайтов в Актау;создание сайтов актау;"разработка сайтов актау; заказать сайт актау; создание сайта под ключ актау";Коммерческий геозависимый;;0;0;0;4;;/sozdanie-saitov-v-aktau;NEW;Средний;Развести с национальной услугой и другими городами через уникальный локальный интент, кейсы и внутреннюю перелинковку. Частотность не подтверждена.;Средняя
design_geo_aktau;Услуги дизайнера в Актау;услуги дизайнера актау;"веб дизайн актау; дизайн сайта актау; брендинг актау";Коммерческий геозависимый;;0;0;0;4;;/web-studiya/dizayn/aktau;NEW;Средний;Развести с национальной услугой и другими городами через уникальный локальный интент, кейсы и внутреннюю перелинковку. Частотность не подтверждена.;Средняя
seo_geo_aktau;SEO-продвижение сайтов в Актау;seo продвижение актау;"продвижение сайтов актау; раскрутка сайта актау; seo оптимизация актау";Коммерческий геозависимый;;0;0;0;4;;/seo-prodvizhenie-sajtov-v-aktau;NEW;Средний;Развести с национальной услугой и другими городами через уникальный локальный интент, кейсы и внутреннюю перелинковку. Частотность не подтверждена.;Средняя
aeo_geo_aktau;AEO/GEO-продвижение в Актау;продвижение в ии поиске актау;"aeo продвижение актау; geo продвижение актау; оптимизация сайта под ии актау";Коммерческий геозависимый;;0;0;0;4;;/web-studiya/aeo-geo-prodvizhenie/aktau;NEW;Средний;Развести с национальной услугой и другими городами через уникальный локальный интент, кейсы и внутреннюю перелинковку. Частотность не подтверждена.;Средняя
ppc_geo_aktau;Контекстная реклама в Актау;контекстная реклама актау;"настройка google ads актау; яндекс директ актау; реклама сайта актау";Коммерческий геозависимый;;0;0;0;4;;/web-studiya/kontekstnaya-reklama/aktau;NEW;Средний;Развести с национальной услугой и другими городами через уникальный локальный интент, кейсы и внутреннюю перелинковку. Частотность не подтверждена.;Средняя
leadgen_geo_aktau;Лидогенерация в Актау;лидогенерация актау;"генерация лидов актау; лидогенерация для бизнеса актау; заказать лидогенерацию актау";Коммерческий геозависимый;;0;0;0;4;;/web-studiya/lidogeneratsiya/aktau;NEW;Средний;Развести с национальной услугой и другими городами через уникальный локальный интент, кейсы и внутреннюю перелинковку. Частотность не подтверждена.;Средняя
site_support_geo_aktau;Поддержка сайтов в Актау;поддержка сайтов актау;"техническая поддержка сайта актау; обслуживание сайтов актау; сопровождение сайта актау";Коммерческий геозависимый;;0;0;0;4;;/web-studiya/podderzhka-saytov/aktau;NEW;Средний;Развести с национальной услугой и другими городами через уникальный локальный интент, кейсы и внутреннюю перелинковку. Частотность не подтверждена.;Средняя
digital_consulting_geo_aktau;Digital-консалтинг в Актау;digital консалтинг актау;"интернет маркетинг консалтинг актау; digital стратегия актау; аудит интернет маркетинга актау";Коммерческий геозависимый;;0;0;0;4;;/web-studiya/digital-konsalting/aktau;NEW;Средний;Развести с национальной услугой и другими городами через уникальный локальный интент, кейсы и внутреннюю перелинковку. Частотность не подтверждена.;Средняя
webstudio_geo_aktobe;Веб-студия в Актобе;веб студия актобе;"услуги веб студии актобе; digital агентство актобе; интернет агентство актобе";Коммерческий геозависимый;;0;0;0;4;;/web-studiya/aktobe;NEW;Средний;Развести с национальной услугой и другими городами через уникальный локальный интент, кейсы и внутреннюю перелинковку. Частотность не подтверждена.;Средняя
site_geo_aktobe;Создание сайтов в Актобе;создание сайтов актобе;"разработка сайтов актобе; заказать сайт актобе; создание сайта под ключ актобе";Коммерческий геозависимый;;0;0;0;4;;/sozdanie-saitov-v-aktobe;NEW;Средний;Развести с национальной услугой и другими городами через уникальный локальный интент, кейсы и внутреннюю перелинковку. Частотность не подтверждена.;Средняя
design_geo_aktobe;Услуги дизайнера в Актобе;услуги дизайнера актобе;"веб дизайн актобе; дизайн сайта актобе; брендинг актобе";Коммерческий геозависимый;;0;0;0;4;;/web-studiya/dizayn/aktobe;NEW;Средний;Развести с национальной услугой и другими городами через уникальный локальный интент, кейсы и внутреннюю перелинковку. Частотность не подтверждена.;Средняя
seo_geo_aktobe;SEO-продвижение сайтов в Актобе;seo продвижение актобе;"продвижение сайтов актобе; раскрутка сайта актобе; seo оптимизация актобе";Коммерческий геозависимый;;0;0;0;4;;/seo-prodvizhenie-sajtov-v-aktobe;NEW;Средний;Развести с национальной услугой и другими городами через уникальный локальный интент, кейсы и внутреннюю перелинковку. Частотность не подтверждена.;Средняя
aeo_geo_aktobe;AEO/GEO-продвижение в Актобе;продвижение в ии поиске актобе;"aeo продвижение актобе; geo продвижение актобе; оптимизация сайта под ии актобе";Коммерческий геозависимый;;0;0;0;4;;/web-studiya/aeo-geo-prodvizhenie/aktobe;NEW;Средний;Развести с национальной услугой и другими городами через уникальный локальный интент, кейсы и внутреннюю перелинковку. Частотность не подтверждена.;Средняя
ppc_geo_aktobe;Контекстная реклама в Актобе;контекстная реклама актобе;"настройка google ads актобе; яндекс директ актобе; реклама сайта актобе";Коммерческий геозависимый;;0;0;0;4;;/web-studiya/kontekstnaya-reklama/aktobe;NEW;Средний;Развести с национальной услугой и другими городами через уникальный локальный интент, кейсы и внутреннюю перелинковку. Частотность не подтверждена.;Средняя
leadgen_geo_aktobe;Лидогенерация в Актобе;лидогенерация актобе;"генерация лидов актобе; лидогенерация для бизнеса актобе; заказать лидогенерацию актобе";Коммерческий геозависимый;;0;0;0;4;;/web-studiya/lidogeneratsiya/aktobe;NEW;Средний;Развести с национальной услугой и другими городами через уникальный локальный интент, кейсы и внутреннюю перелинковку. Частотность не подтверждена.;Средняя
site_support_geo_aktobe;Поддержка сайтов в Актобе;поддержка сайтов актобе;"техническая поддержка сайта актобе; обслуживание сайтов актобе; сопровождение сайта актобе";Коммерческий геозависимый;;0;0;0;4;;/web-studiya/podderzhka-saytov/aktobe;NEW;Средний;Развести с национальной услугой и другими городами через уникальный локальный интент, кейсы и внутреннюю перелинковку. Частотность не подтверждена.;Средняя
digital_consulting_geo_aktobe;Digital-консалтинг в Актобе;digital консалтинг актобе;"интернет маркетинг консалтинг актобе; digital стратегия актобе; аудит интернет маркетинга актобе";Коммерческий геозависимый;;0;0;0;4;;/web-studiya/digital-konsalting/aktobe;NEW;Средний;Развести с национальной услугой и другими городами через уникальный локальный интент, кейсы и внутреннюю перелинковку. Частотность не подтверждена.;Средняя
webstudio_geo_atyrau;Веб-студия в Атырау;веб студия атырау;"услуги веб студии атырау; digital агентство атырау; интернет агентство атырау";Коммерческий геозависимый;;0;0;0;4;;/web-studiya/atyrau;NEW;Средний;Развести с национальной услугой и другими городами через уникальный локальный интент, кейсы и внутреннюю перелинковку. Частотность не подтверждена.;Средняя
site_geo_atyrau;Создание сайтов в Атырау;создание сайтов атырау;"разработка сайтов атырау; заказать сайт атырау; создание сайта под ключ атырау";Коммерческий геозависимый;;0;0;0;4;;/sozdanie-saitov-v-atyrau;NEW;Средний;Развести с национальной услугой и другими городами через уникальный локальный интент, кейсы и внутреннюю перелинковку. Частотность не подтверждена.;Средняя
design_geo_atyrau;Услуги дизайнера в Атырау;услуги дизайнера атырау;"веб дизайн атырау; дизайн сайта атырау; брендинг атырау";Коммерческий геозависимый;;0;0;0;4;;/web-studiya/dizayn/atyrau;NEW;Средний;Развести с национальной услугой и другими городами через уникальный локальный интент, кейсы и внутреннюю перелинковку. Частотность не подтверждена.;Средняя
seo_geo_atyrau;SEO-продвижение сайтов в Атырау;seo продвижение атырау;"продвижение сайтов атырау; раскрутка сайта атырау; seo оптимизация атырау";Коммерческий геозависимый;;0;0;0;4;;/seo-prodvizhenie-sajtov-v-atyrau;NEW;Средний;Развести с национальной услугой и другими городами через уникальный локальный интент, кейсы и внутреннюю перелинковку. Частотность не подтверждена.;Средняя
aeo_geo_atyrau;AEO/GEO-продвижение в Атырау;продвижение в ии поиске атырау;"aeo продвижение атырау; geo продвижение атырау; оптимизация сайта под ии атырау";Коммерческий геозависимый;;0;0;0;4;;/web-studiya/aeo-geo-prodvizhenie/atyrau;NEW;Средний;Развести с национальной услугой и другими городами через уникальный локальный интент, кейсы и внутреннюю перелинковку. Частотность не подтверждена.;Средняя
ppc_geo_atyrau;Контекстная реклама в Атырау;контекстная реклама атырау;"настройка google ads атырау; яндекс директ атырау; реклама сайта атырау";Коммерческий геозависимый;;0;0;0;4;;/web-studiya/kontekstnaya-reklama/atyrau;NEW;Средний;Развести с национальной услугой и другими городами через уникальный локальный интент, кейсы и внутреннюю перелинковку. Частотность не подтверждена.;Средняя
leadgen_geo_atyrau;Лидогенерация в Атырау;лидогенерация атырау;"генерация лидов атырау; лидогенерация для бизнеса атырау; заказать лидогенерацию атырау";Коммерческий геозависимый;;0;0;0;4;;/web-studiya/lidogeneratsiya/atyrau;NEW;Средний;Развести с национальной услугой и другими городами через уникальный локальный интент, кейсы и внутреннюю перелинковку. Частотность не подтверждена.;Средняя
site_support_geo_atyrau;Поддержка сайтов в Атырау;поддержка сайтов атырау;"техническая поддержка сайта атырау; обслуживание сайтов атырау; сопровождение сайта атырау";Коммерческий геозависимый;;0;0;0;4;;/web-studiya/podderzhka-saytov/atyrau;NEW;Средний;Развести с национальной услугой и другими городами через уникальный локальный интент, кейсы и внутреннюю перелинковку. Частотность не подтверждена.;Средняя
digital_consulting_geo_atyrau;Digital-консалтинг в Атырау;digital консалтинг атырау;"интернет маркетинг консалтинг атырау; digital стратегия атырау; аудит интернет маркетинга атырау";Коммерческий геозависимый;;0;0;0;4;;/web-studiya/digital-konsalting/atyrau;NEW;Средний;Развести с национальной услугой и другими городами через уникальный локальный интент, кейсы и внутреннюю перелинковку. Частотность не подтверждена.;Средняя
webstudio_geo_karaganda;Веб-студия в Караганде;веб студия караганда;"услуги веб студии караганда; digital агентство караганда; интернет агентство караганда";Коммерческий геозависимый;;0;0;0;4;;/web-studiya/karaganda;NEW;Средний;Развести с национальной услугой и другими городами через уникальный локальный интент, кейсы и внутреннюю перелинковку. Частотность не подтверждена.;Средняя
design_geo_karaganda;Услуги дизайнера в Караганде;услуги дизайнера караганда;"веб дизайн караганда; дизайн сайта караганда; брендинг караганда";Коммерческий геозависимый;;0;0;0;4;;/web-studiya/dizayn/karaganda;NEW;Средний;Развести с национальной услугой и другими городами через уникальный локальный интент, кейсы и внутреннюю перелинковку. Частотность не подтверждена.;Средняя
aeo_geo_karaganda;AEO/GEO-продвижение в Караганде;продвижение в ии поиске караганда;"aeo продвижение караганда; geo продвижение караганда; оптимизация сайта под ии караганда";Коммерческий геозависимый;;0;0;0;4;;/web-studiya/aeo-geo-prodvizhenie/karaganda;NEW;Средний;Развести с национальной услугой и другими городами через уникальный локальный интент, кейсы и внутреннюю перелинковку. Частотность не подтверждена.;Средняя
ppc_geo_karaganda;Контекстная реклама в Караганде;контекстная реклама караганда;"настройка google ads караганда; яндекс директ караганда; реклама сайта караганда";Коммерческий геозависимый;;0;0;4;4;;/web-studiya/kontekstnaya-reklama/karaganda;NEW;Средний;Развести с национальной услугой и другими городами через уникальный локальный интент, кейсы и внутреннюю перелинковку. Частотность не подтверждена.;Средняя
leadgen_geo_karaganda;Лидогенерация в Караганде;лидогенерация караганда;"генерация лидов караганда; лидогенерация для бизнеса караганда; заказать лидогенерацию караганда";Коммерческий геозависимый;;0;0;0;4;;/web-studiya/lidogeneratsiya/karaganda;NEW;Средний;Развести с национальной услугой и другими городами через уникальный локальный интент, кейсы и внутреннюю перелинковку. Частотность не подтверждена.;Средняя
site_support_geo_karaganda;Поддержка сайтов в Караганде;поддержка сайтов караганда;"техническая поддержка сайта караганда; обслуживание сайтов караганда; сопровождение сайта караганда";Коммерческий геозависимый;;0;0;0;4;;/web-studiya/podderzhka-saytov/karaganda;NEW;Средний;Развести с национальной услугой и другими городами через уникальный локальный интент, кейсы и внутреннюю перелинковку. Частотность не подтверждена.;Средняя
digital_consulting_geo_karaganda;Digital-консалтинг в Караганде;digital консалтинг караганда;"интернет маркетинг консалтинг караганда; digital стратегия караганда; аудит интернет маркетинга караганда";Коммерческий геозависимый;;0;0;0;4;;/web-studiya/digital-konsalting/karaganda;NEW;Средний;Развести с национальной услугой и другими городами через уникальный локальный интент, кейсы и внутреннюю перелинковку. Частотность не подтверждена.;Средняя
webstudio_geo_kokshetau;Веб-студия в Кокшетау;веб студия кокшетау;"услуги веб студии кокшетау; digital агентство кокшетау; интернет агентство кокшетау";Коммерческий геозависимый;;0;0;0;4;;/web-studiya/kokshetau;NEW;Средний;Развести с национальной услугой и другими городами через уникальный локальный интент, кейсы и внутреннюю перелинковку. Частотность не подтверждена.;Средняя
site_geo_kokshetau;Создание сайтов в Кокшетау;создание сайтов кокшетау;"разработка сайтов кокшетау; заказать сайт кокшетау; создание сайта под ключ кокшетау";Коммерческий геозависимый;;0;0;0;4;;/sozdanie-saitov-v-kokshetau;NEW;Средний;Развести с национальной услугой и другими городами через уникальный локальный интент, кейсы и внутреннюю перелинковку. Частотность не подтверждена.;Средняя
design_geo_kokshetau;Услуги дизайнера в Кокшетау;услуги дизайнера кокшетау;"веб дизайн кокшетау; дизайн сайта кокшетау; брендинг кокшетау";Коммерческий геозависимый;;0;0;0;4;;/web-studiya/dizayn/kokshetau;NEW;Средний;Развести с национальной услугой и другими городами через уникальный локальный интент, кейсы и внутреннюю перелинковку. Частотность не подтверждена.;Средняя
seo_geo_kokshetau;SEO-продвижение сайтов в Кокшетау;seo продвижение кокшетау;"продвижение сайтов кокшетау; раскрутка сайта кокшетау; seo оптимизация кокшетау";Коммерческий геозависимый;;0;0;0;4;;/seo-prodvizhenie-sajtov-v-kokshetau;NEW;Средний;Развести с национальной услугой и другими городами через уникальный локальный интент, кейсы и внутреннюю перелинковку. Частотность не подтверждена.;Средняя
aeo_geo_kokshetau;AEO/GEO-продвижение в Кокшетау;продвижение в ии поиске кокшетау;"aeo продвижение кокшетау; geo продвижение кокшетау; оптимизация сайта под ии кокшетау";Коммерческий геозависимый;;0;0;0;4;;/web-studiya/aeo-geo-prodvizhenie/kokshetau;NEW;Средний;Развести с национальной услугой и другими городами через уникальный локальный интент, кейсы и внутреннюю перелинковку. Частотность не подтверждена.;Средняя
ppc_geo_kokshetau;Контекстная реклама в Кокшетау;контекстная реклама кокшетау;"настройка google ads кокшетау; яндекс директ кокшетау; реклама сайта кокшетау";Коммерческий геозависимый;;0;0;0;4;;/web-studiya/kontekstnaya-reklama/kokshetau;NEW;Средний;Развести с национальной услугой и другими городами через уникальный локальный интент, кейсы и внутреннюю перелинковку. Частотность не подтверждена.;Средняя
leadgen_geo_kokshetau;Лидогенерация в Кокшетау;лидогенерация кокшетау;"генерация лидов кокшетау; лидогенерация для бизнеса кокшетау; заказать лидогенерацию кокшетау";Коммерческий геозависимый;;0;0;0;4;;/web-studiya/lidogeneratsiya/kokshetau;NEW;Средний;Развести с национальной услугой и другими городами через уникальный локальный интент, кейсы и внутреннюю перелинковку. Частотность не подтверждена.;Средняя
site_support_geo_kokshetau;Поддержка сайтов в Кокшетау;поддержка сайтов кокшетау;"техническая поддержка сайта кокшетау; обслуживание сайтов кокшетау; сопровождение сайта кокшетау";Коммерческий геозависимый;;0;0;0;4;;/web-studiya/podderzhka-saytov/kokshetau;NEW;Средний;Развести с национальной услугой и другими городами через уникальный локальный интент, кейсы и внутреннюю перелинковку. Частотность не подтверждена.;Средняя
digital_consulting_geo_kokshetau;Digital-консалтинг в Кокшетау;digital консалтинг кокшетау;"интернет маркетинг консалтинг кокшетау; digital стратегия кокшетау; аудит интернет маркетинга кокшетау";Коммерческий геозависимый;;0;0;0;4;;/web-studiya/digital-konsalting/kokshetau;NEW;Средний;Развести с национальной услугой и другими городами через уникальный локальный интент, кейсы и внутреннюю перелинковку. Частотность не подтверждена.;Средняя
webstudio_geo_kostanay;Веб-студия в Костанае;веб студия костанай;"услуги веб студии костанай; digital агентство костанай; интернет агентство костанай";Коммерческий геозависимый;;0;0;0;4;;/web-studiya/kostanay;NEW;Средний;Развести с национальной услугой и другими городами через уникальный локальный интент, кейсы и внутреннюю перелинковку. Частотность не подтверждена.;Средняя
site_geo_kostanay;Создание сайтов в Костанае;создание сайтов костанай;"разработка сайтов костанай; заказать сайт костанай; создание сайта под ключ костанай";Коммерческий геозависимый;;0;0;0;4;;/sozdanie-saitov-v-kostanae;NEW;Средний;Развести с национальной услугой и другими городами через уникальный локальный интент, кейсы и внутреннюю перелинковку. Частотность не подтверждена.;Средняя
design_geo_kostanay;Услуги дизайнера в Костанае;услуги дизайнера костанай;"веб дизайн костанай; дизайн сайта костанай; брендинг костанай";Коммерческий геозависимый;;0;0;0;4;;/web-studiya/dizayn/kostanay;NEW;Средний;Развести с национальной услугой и другими городами через уникальный локальный интент, кейсы и внутреннюю перелинковку. Частотность не подтверждена.;Средняя
seo_geo_kostanay;SEO-продвижение сайтов в Костанае;seo продвижение костанай;"продвижение сайтов костанай; раскрутка сайта костанай; seo оптимизация костанай";Коммерческий геозависимый;;0;0;0;4;;/seo-prodvizhenie-sajtov-v-kostanae;NEW;Средний;Развести с национальной услугой и другими городами через уникальный локальный интент, кейсы и внутреннюю перелинковку. Частотность не подтверждена.;Средняя
aeo_geo_kostanay;AEO/GEO-продвижение в Костанае;продвижение в ии поиске костанай;"aeo продвижение костанай; geo продвижение костанай; оптимизация сайта под ии костанай";Коммерческий геозависимый;;0;0;0;4;;/web-studiya/aeo-geo-prodvizhenie/kostanay;NEW;Средний;Развести с национальной услугой и другими городами через уникальный локальный интент, кейсы и внутреннюю перелинковку. Частотность не подтверждена.;Средняя
ppc_geo_kostanay;Контекстная реклама в Костанае;контекстная реклама костанай;"настройка google ads костанай; яндекс директ костанай; реклама сайта костанай";Коммерческий геозависимый;;0;0;10;4;;/web-studiya/kontekstnaya-reklama/kostanay;NEW;Средний;Развести с национальной услугой и другими городами через уникальный локальный интент, кейсы и внутреннюю перелинковку. Частотность не подтверждена.;Средняя
leadgen_geo_kostanay;Лидогенерация в Костанае;лидогенерация костанай;"генерация лидов костанай; лидогенерация для бизнеса костанай; заказать лидогенерацию костанай";Коммерческий геозависимый;;0;0;0;4;;/web-studiya/lidogeneratsiya/kostanay;NEW;Средний;Развести с национальной услугой и другими городами через уникальный локальный интент, кейсы и внутреннюю перелинковку. Частотность не подтверждена.;Средняя
site_support_geo_kostanay;Поддержка сайтов в Костанае;поддержка сайтов костанай;"техническая поддержка сайта костанай; обслуживание сайтов костанай; сопровождение сайта костанай";Коммерческий геозависимый;;0;0;0;4;;/web-studiya/podderzhka-saytov/kostanay;NEW;Средний;Развести с национальной услугой и другими городами через уникальный локальный интент, кейсы и внутреннюю перелинковку. Частотность не подтверждена.;Средняя
digital_consulting_geo_kostanay;Digital-консалтинг в Костанае;digital консалтинг костанай;"интернет маркетинг консалтинг костанай; digital стратегия костанай; аудит интернет маркетинга костанай";Коммерческий геозависимый;;0;0;0;4;;/web-studiya/digital-konsalting/kostanay;NEW;Средний;Развести с национальной услугой и другими городами через уникальный локальный интент, кейсы и внутреннюю перелинковку. Частотность не подтверждена.;Средняя
webstudio_geo_kyzylorda;Веб-студия в Кызылорде;веб студия кызылорда;"услуги веб студии кызылорда; digital агентство кызылорда; интернет агентство кызылорда";Коммерческий геозависимый;;0;0;0;4;;/web-studiya/kyzylorda;NEW;Средний;Развести с национальной услугой и другими городами через уникальный локальный интент, кейсы и внутреннюю перелинковку. Частотность не подтверждена.;Средняя
site_geo_kyzylorda;Создание сайтов в Кызылорде;создание сайтов кызылорда;"разработка сайтов кызылорда; заказать сайт кызылорда; создание сайта под ключ кызылорда";Коммерческий геозависимый;;0;0;0;4;;/sozdanie-saitov-v-kyzylorde;NEW;Средний;Развести с национальной услугой и другими городами через уникальный локальный интент, кейсы и внутреннюю перелинковку. Частотность не подтверждена.;Средняя
design_geo_kyzylorda;Услуги дизайнера в Кызылорде;услуги дизайнера кызылорда;"веб дизайн кызылорда; дизайн сайта кызылорда; брендинг кызылорда";Коммерческий геозависимый;;0;0;0;4;;/web-studiya/dizayn/kyzylorda;NEW;Средний;Развести с национальной услугой и другими городами через уникальный локальный интент, кейсы и внутреннюю перелинковку. Частотность не подтверждена.;Средняя
seo_geo_kyzylorda;SEO-продвижение сайтов в Кызылорде;seo продвижение кызылорда;"продвижение сайтов кызылорда; раскрутка сайта кызылорда; seo оптимизация кызылорда";Коммерческий геозависимый;;0;0;0;4;;/seo-prodvizhenie-sajtov-v-kyzylorde;NEW;Средний;Развести с национальной услугой и другими городами через уникальный локальный интент, кейсы и внутреннюю перелинковку. Частотность не подтверждена.;Средняя
aeo_geo_kyzylorda;AEO/GEO-продвижение в Кызылорде;продвижение в ии поиске кызылорда;"aeo продвижение кызылорда; geo продвижение кызылорда; оптимизация сайта под ии кызылорда";Коммерческий геозависимый;;0;0;0;4;;/web-studiya/aeo-geo-prodvizhenie/kyzylorda;NEW;Средний;Развести с национальной услугой и другими городами через уникальный локальный интент, кейсы и внутреннюю перелинковку. Частотность не подтверждена.;Средняя
ppc_geo_kyzylorda;Контекстная реклама в Кызылорде;контекстная реклама кызылорда;"настройка google ads кызылорда; яндекс директ кызылорда; реклама сайта кызылорда";Коммерческий геозависимый;;0;0;0;4;;/web-studiya/kontekstnaya-reklama/kyzylorda;NEW;Средний;Развести с национальной услугой и другими городами через уникальный локальный интент, кейсы и внутреннюю перелинковку. Частотность не подтверждена.;Средняя
leadgen_geo_kyzylorda;Лидогенерация в Кызылорде;лидогенерация кызылорда;"генерация лидов кызылорда; лидогенерация для бизнеса кызылорда; заказать лидогенерацию кызылорда";Коммерческий геозависимый;;0;0;0;4;;/web-studiya/lidogeneratsiya/kyzylorda;NEW;Средний;Развести с национальной услугой и другими городами через уникальный локальный интент, кейсы и внутреннюю перелинковку. Частотность не подтверждена.;Средняя
site_support_geo_kyzylorda;Поддержка сайтов в Кызылорде;поддержка сайтов кызылорда;"техническая поддержка сайта кызылорда; обслуживание сайтов кызылорда; сопровождение сайта кызылорда";Коммерческий геозависимый;;0;0;0;4;;/web-studiya/podderzhka-saytov/kyzylorda;NEW;Средний;Развести с национальной услугой и другими городами через уникальный локальный интент, кейсы и внутреннюю перелинковку. Частотность не подтверждена.;Средняя
digital_consulting_geo_kyzylorda;Digital-консалтинг в Кызылорде;digital консалтинг кызылорда;"интернет маркетинг консалтинг кызылорда; digital стратегия кызылорда; аудит интернет маркетинга кызылорда";Коммерческий геозависимый;;0;0;0;4;;/web-studiya/digital-konsalting/kyzylorda;NEW;Средний;Развести с национальной услугой и другими городами через уникальный локальный интент, кейсы и внутреннюю перелинковку. Частотность не подтверждена.;Средняя
webstudio_geo_pavlodar;Веб-студия в Павлодаре;веб студия павлодар;"услуги веб студии павлодар; digital агентство павлодар; интернет агентство павлодар";Коммерческий геозависимый;;0;0;0;4;;/web-studiya/pavlodar;NEW;Средний;Развести с национальной услугой и другими городами через уникальный локальный интент, кейсы и внутреннюю перелинковку. Частотность не подтверждена.;Средняя
site_geo_pavlodar;Создание сайтов в Павлодаре;создание сайтов павлодар;"разработка сайтов павлодар; заказать сайт павлодар; создание сайта под ключ павлодар";Коммерческий геозависимый;;0;0;0;4;;/sozdanie-saitov-v-pavlodare;NEW;Средний;Развести с национальной услугой и другими городами через уникальный локальный интент, кейсы и внутреннюю перелинковку. Частотность не подтверждена.;Средняя
design_geo_pavlodar;Услуги дизайнера в Павлодаре;услуги дизайнера павлодар;"веб дизайн павлодар; дизайн сайта павлодар; брендинг павлодар";Коммерческий геозависимый;;0;0;0;4;;/web-studiya/dizayn/pavlodar;NEW;Средний;Развести с национальной услугой и другими городами через уникальный локальный интент, кейсы и внутреннюю перелинковку. Частотность не подтверждена.;Средняя
seo_geo_pavlodar;SEO-продвижение сайтов в Павлодаре;seo продвижение павлодар;"продвижение сайтов павлодар; раскрутка сайта павлодар; seo оптимизация павлодар";Коммерческий геозависимый;;0;0;0;4;;/seo-prodvizhenie-sajtov-v-pavlodare;NEW;Средний;Развести с национальной услугой и другими городами через уникальный локальный интент, кейсы и внутреннюю перелинковку. Частотность не подтверждена.;Средняя
aeo_geo_pavlodar;AEO/GEO-продвижение в Павлодаре;продвижение в ии поиске павлодар;"aeo продвижение павлодар; geo продвижение павлодар; оптимизация сайта под ии павлодар";Коммерческий геозависимый;;0;0;0;4;;/web-studiya/aeo-geo-prodvizhenie/pavlodar;NEW;Средний;Развести с национальной услугой и другими городами через уникальный локальный интент, кейсы и внутреннюю перелинковку. Частотность не подтверждена.;Средняя
ppc_geo_pavlodar;Контекстная реклама в Павлодаре;контекстная реклама павлодар;"настройка google ads павлодар; яндекс директ павлодар; реклама сайта павлодар";Коммерческий геозависимый;;0;0;0;4;;/web-studiya/kontekstnaya-reklama/pavlodar;NEW;Средний;Развести с национальной услугой и другими городами через уникальный локальный интент, кейсы и внутреннюю перелинковку. Частотность не подтверждена.;Средняя
leadgen_geo_pavlodar;Лидогенерация в Павлодаре;лидогенерация павлодар;"генерация лидов павлодар; лидогенерация для бизнеса павлодар; заказать лидогенерацию павлодар";Коммерческий геозависимый;;0;0;0;4;;/web-studiya/lidogeneratsiya/pavlodar;NEW;Средний;Развести с национальной услугой и другими городами через уникальный локальный интент, кейсы и внутреннюю перелинковку. Частотность не подтверждена.;Средняя
site_support_geo_pavlodar;Поддержка сайтов в Павлодаре;поддержка сайтов павлодар;"техническая поддержка сайта павлодар; обслуживание сайтов павлодар; сопровождение сайта павлодар";Коммерческий геозависимый;;0;0;0;4;;/web-studiya/podderzhka-saytov/pavlodar;NEW;Средний;Развести с национальной услугой и другими городами через уникальный локальный интент, кейсы и внутреннюю перелинковку. Частотность не подтверждена.;Средняя
digital_consulting_geo_pavlodar;Digital-консалтинг в Павлодаре;digital консалтинг павлодар;"интернет маркетинг консалтинг павлодар; digital стратегия павлодар; аудит интернет маркетинга павлодар";Коммерческий геозависимый;;0;0;0;4;;/web-studiya/digital-konsalting/pavlodar;NEW;Средний;Развести с национальной услугой и другими городами через уникальный локальный интент, кейсы и внутреннюю перелинковку. Частотность не подтверждена.;Средняя
webstudio_geo_petropavlovsk;Веб-студия в Петропавловске;веб студия петропавловск;"услуги веб студии петропавловск; digital агентство петропавловск; интернет агентство петропавловск";Коммерческий геозависимый;;0;0;0;4;;/web-studiya/petropavlovsk;NEW;Средний;Развести с национальной услугой и другими городами через уникальный локальный интент, кейсы и внутреннюю перелинковку. Частотность не подтверждена.;Средняя
design_geo_petropavlovsk;Услуги дизайнера в Петропавловске;услуги дизайнера петропавловск;"веб дизайн петропавловск; дизайн сайта петропавловск; брендинг петропавловск";Коммерческий геозависимый;;0;0;0;4;;/web-studiya/dizayn/petropavlovsk;NEW;Средний;Развести с национальной услугой и другими городами через уникальный локальный интент, кейсы и внутреннюю перелинковку. Частотность не подтверждена.;Средняя
aeo_geo_petropavlovsk;AEO/GEO-продвижение в Петропавловске;продвижение в ии поиске петропавловск;"aeo продвижение петропавловск; geo продвижение петропавловск; оптимизация сайта под ии петропавловск";Коммерческий геозависимый;;0;0;0;4;;/web-studiya/aeo-geo-prodvizhenie/petropavlovsk;NEW;Средний;Развести с национальной услугой и другими городами через уникальный локальный интент, кейсы и внутреннюю перелинковку. Частотность не подтверждена.;Средняя
ppc_geo_petropavlovsk;Контекстная реклама в Петропавловске;контекстная реклама петропавловск;"настройка google ads петропавловск; яндекс директ петропавловск; реклама сайта петропавловск";Коммерческий геозависимый;;0;0;0;4;;/web-studiya/kontekstnaya-reklama/petropavlovsk;NEW;Средний;Развести с национальной услугой и другими городами через уникальный локальный интент, кейсы и внутреннюю перелинковку. Частотность не подтверждена.;Средняя
leadgen_geo_petropavlovsk;Лидогенерация в Петропавловске;лидогенерация петропавловск;"генерация лидов петропавловск; лидогенерация для бизнеса петропавловск; заказать лидогенерацию петропавловск";Коммерческий геозависимый;;0;0;0;4;;/web-studiya/lidogeneratsiya/petropavlovsk;NEW;Средний;Развести с национальной услугой и другими городами через уникальный локальный интент, кейсы и внутреннюю перелинковку. Частотность не подтверждена.;Средняя
site_support_geo_petropavlovsk;Поддержка сайтов в Петропавловске;поддержка сайтов петропавловск;"техническая поддержка сайта петропавловск; обслуживание сайтов петропавловск; сопровождение сайта петропавловск";Коммерческий геозависимый;;0;0;0;4;;/web-studiya/podderzhka-saytov/petropavlovsk;NEW;Средний;Развести с национальной услугой и другими городами через уникальный локальный интент, кейсы и внутреннюю перелинковку. Частотность не подтверждена.;Средняя
digital_consulting_geo_petropavlovsk;Digital-консалтинг в Петропавловске;digital консалтинг петропавловск;"интернет маркетинг консалтинг петропавловск; digital стратегия петропавловск; аудит интернет маркетинга петропавловск";Коммерческий геозависимый;;0;0;0;4;;/web-studiya/digital-konsalting/petropavlovsk;NEW;Средний;Развести с национальной услугой и другими городами через уникальный локальный интент, кейсы и внутреннюю перелинковку. Частотность не подтверждена.;Средняя
webstudio_geo_semey;Веб-студия в Семее;веб студия семей;"услуги веб студии семей; digital агентство семей; интернет агентство семей";Коммерческий геозависимый;;0;0;0;4;;/web-studiya/semey;NEW;Средний;Развести с национальной услугой и другими городами через уникальный локальный интент, кейсы и внутреннюю перелинковку. Частотность не подтверждена.;Средняя
site_geo_semey;Создание сайтов в Семее;создание сайтов семей;"разработка сайтов семей; заказать сайт семей; создание сайта под ключ семей";Коммерческий геозависимый;;0;0;0;4;;/sozdanie-saitov-v-semee;NEW;Средний;Развести с национальной услугой и другими городами через уникальный локальный интент, кейсы и внутреннюю перелинковку. Частотность не подтверждена.;Средняя
design_geo_semey;Услуги дизайнера в Семее;услуги дизайнера семей;"веб дизайн семей; дизайн сайта семей; брендинг семей";Коммерческий геозависимый;;0;0;0;4;;/web-studiya/dizayn/semey;NEW;Средний;Развести с национальной услугой и другими городами через уникальный локальный интент, кейсы и внутреннюю перелинковку. Частотность не подтверждена.;Средняя
seo_geo_semey;SEO-продвижение сайтов в Семее;seo продвижение семей;"продвижение сайтов семей; раскрутка сайта семей; seo оптимизация семей";Коммерческий геозависимый;;0;0;0;4;;/seo-prodvizhenie-sajtov-v-semee;NEW;Средний;Развести с национальной услугой и другими городами через уникальный локальный интент, кейсы и внутреннюю перелинковку. Частотность не подтверждена.;Средняя
aeo_geo_semey;AEO/GEO-продвижение в Семее;продвижение в ии поиске семей;"aeo продвижение семей; geo продвижение семей; оптимизация сайта под ии семей";Коммерческий геозависимый;;0;0;0;4;;/web-studiya/aeo-geo-prodvizhenie/semey;NEW;Средний;Развести с национальной услугой и другими городами через уникальный локальный интент, кейсы и внутреннюю перелинковку. Частотность не подтверждена.;Средняя
ppc_geo_semey;Контекстная реклама в Семее;контекстная реклама семей;"настройка google ads семей; яндекс директ семей; реклама сайта семей";Коммерческий геозависимый;;0;0;0;4;;/web-studiya/kontekstnaya-reklama/semey;NEW;Средний;Развести с национальной услугой и другими городами через уникальный локальный интент, кейсы и внутреннюю перелинковку. Частотность не подтверждена.;Средняя
leadgen_geo_semey;Лидогенерация в Семее;лидогенерация семей;"генерация лидов семей; лидогенерация для бизнеса семей; заказать лидогенерацию семей";Коммерческий геозависимый;;0;0;0;4;;/web-studiya/lidogeneratsiya/semey;NEW;Средний;Развести с национальной услугой и другими городами через уникальный локальный интент, кейсы и внутреннюю перелинковку. Частотность не подтверждена.;Средняя
site_support_geo_semey;Поддержка сайтов в Семее;поддержка сайтов семей;"техническая поддержка сайта семей; обслуживание сайтов семей; сопровождение сайта семей";Коммерческий геозависимый;;0;0;0;4;;/web-studiya/podderzhka-saytov/semey;NEW;Средний;Развести с национальной услугой и другими городами через уникальный локальный интент, кейсы и внутреннюю перелинковку. Частотность не подтверждена.;Средняя
digital_consulting_geo_semey;Digital-консалтинг в Семее;digital консалтинг семей;"интернет маркетинг консалтинг семей; digital стратегия семей; аудит интернет маркетинга семей";Коммерческий геозависимый;;0;0;0;4;;/web-studiya/digital-konsalting/semey;NEW;Средний;Развести с национальной услугой и другими городами через уникальный локальный интент, кейсы и внутреннюю перелинковку. Частотность не подтверждена.;Средняя
webstudio_geo_taldykorgan;Веб-студия в Талдыкоргане;веб студия талдыкорган;"услуги веб студии талдыкорган; digital агентство талдыкорган; интернет агентство талдыкорган";Коммерческий геозависимый;;0;0;0;4;;/web-studiya/taldykorgan;NEW;Средний;Развести с национальной услугой и другими городами через уникальный локальный интент, кейсы и внутреннюю перелинковку. Частотность не подтверждена.;Средняя
site_geo_taldykorgan;Создание сайтов в Талдыкоргане;создание сайтов талдыкорган;"разработка сайтов талдыкорган; заказать сайт талдыкорган; создание сайта под ключ талдыкорган";Коммерческий геозависимый;;0;0;0;4;;/sozdanie-saitov-v-taldykorgane;NEW;Средний;Развести с национальной услугой и другими городами через уникальный локальный интент, кейсы и внутреннюю перелинковку. Частотность не подтверждена.;Средняя
design_geo_taldykorgan;Услуги дизайнера в Талдыкоргане;услуги дизайнера талдыкорган;"веб дизайн талдыкорган; дизайн сайта талдыкорган; брендинг талдыкорган";Коммерческий геозависимый;;0;0;0;4;;/web-studiya/dizayn/taldykorgan;NEW;Средний;Развести с национальной услугой и другими городами через уникальный локальный интент, кейсы и внутреннюю перелинковку. Частотность не подтверждена.;Средняя
seo_geo_taldykorgan;SEO-продвижение сайтов в Талдыкоргане;seo продвижение талдыкорган;"продвижение сайтов талдыкорган; раскрутка сайта талдыкорган; seo оптимизация талдыкорган";Коммерческий геозависимый;;0;0;0;4;;/seo-prodvizhenie-sajtov-v-taldykorgane;NEW;Средний;Развести с национальной услугой и другими городами через уникальный локальный интент, кейсы и внутреннюю перелинковку. Частотность не подтверждена.;Средняя
aeo_geo_taldykorgan;AEO/GEO-продвижение в Талдыкоргане;продвижение в ии поиске талдыкорган;"aeo продвижение талдыкорган; geo продвижение талдыкорган; оптимизация сайта под ии талдыкорган";Коммерческий геозависимый;;0;0;0;4;;/web-studiya/aeo-geo-prodvizhenie/taldykorgan;NEW;Средний;Развести с национальной услугой и другими городами через уникальный локальный интент, кейсы и внутреннюю перелинковку. Частотность не подтверждена.;Средняя
ppc_geo_taldykorgan;Контекстная реклама в Талдыкоргане;контекстная реклама талдыкорган;"настройка google ads талдыкорган; яндекс директ талдыкорган; реклама сайта талдыкорган";Коммерческий геозависимый;;0;0;0;4;;/web-studiya/kontekstnaya-reklama/taldykorgan;NEW;Средний;Развести с национальной услугой и другими городами через уникальный локальный интент, кейсы и внутреннюю перелинковку. Частотность не подтверждена.;Средняя
leadgen_geo_taldykorgan;Лидогенерация в Талдыкоргане;лидогенерация талдыкорган;"генерация лидов талдыкорган; лидогенерация для бизнеса талдыкорган; заказать лидогенерацию талдыкорган";Коммерческий геозависимый;;0;0;0;4;;/web-studiya/lidogeneratsiya/taldykorgan;NEW;Средний;Развести с национальной услугой и другими городами через уникальный локальный интент, кейсы и внутреннюю перелинковку. Частотность не подтверждена.;Средняя
site_support_geo_taldykorgan;Поддержка сайтов в Талдыкоргане;поддержка сайтов талдыкорган;"техническая поддержка сайта талдыкорган; обслуживание сайтов талдыкорган; сопровождение сайта талдыкорган";Коммерческий геозависимый;;0;0;0;4;;/web-studiya/podderzhka-saytov/taldykorgan;NEW;Средний;Развести с национальной услугой и другими городами через уникальный локальный интент, кейсы и внутреннюю перелинковку. Частотность не подтверждена.;Средняя
digital_consulting_geo_taldykorgan;Digital-консалтинг в Талдыкоргане;digital консалтинг талдыкорган;"интернет маркетинг консалтинг талдыкорган; digital стратегия талдыкорган; аудит интернет маркетинга талдыкорган";Коммерческий геозависимый;;0;0;0;4;;/web-studiya/digital-konsalting/taldykorgan;NEW;Средний;Развести с национальной услугой и другими городами через уникальный локальный интент, кейсы и внутреннюю перелинковку. Частотность не подтверждена.;Средняя
webstudio_geo_taraz;Веб-студия в Таразе;веб студия тараз;"услуги веб студии тараз; digital агентство тараз; интернет агентство тараз";Коммерческий геозависимый;;0;0;0;4;;/web-studiya/taraz;NEW;Средний;Развести с национальной услугой и другими городами через уникальный локальный интент, кейсы и внутреннюю перелинковку. Частотность не подтверждена.;Средняя
site_geo_taraz;Создание сайтов в Таразе;создание сайтов тараз;"разработка сайтов тараз; заказать сайт тараз; создание сайта под ключ тараз";Коммерческий геозависимый;;0;0;0;4;;/sozdanie-saitov-v-taraze;NEW;Средний;Развести с национальной услугой и другими городами через уникальный локальный интент, кейсы и внутреннюю перелинковку. Частотность не подтверждена.;Средняя
design_geo_taraz;Услуги дизайнера в Таразе;услуги дизайнера тараз;"веб дизайн тараз; дизайн сайта тараз; брендинг тараз";Коммерческий геозависимый;;0;0;0;4;;/web-studiya/dizayn/taraz;NEW;Средний;Развести с национальной услугой и другими городами через уникальный локальный интент, кейсы и внутреннюю перелинковку. Частотность не подтверждена.;Средняя
seo_geo_taraz;SEO-продвижение сайтов в Таразе;seo продвижение тараз;"продвижение сайтов тараз; раскрутка сайта тараз; seo оптимизация тараз";Коммерческий геозависимый;;0;0;0;4;;/seo-prodvizhenie-sajtov-v-taraze;NEW;Средний;Развести с национальной услугой и другими городами через уникальный локальный интент, кейсы и внутреннюю перелинковку. Частотность не подтверждена.;Средняя
aeo_geo_taraz;AEO/GEO-продвижение в Таразе;продвижение в ии поиске тараз;"aeo продвижение тараз; geo продвижение тараз; оптимизация сайта под ии тараз";Коммерческий геозависимый;;0;0;0;4;;/web-studiya/aeo-geo-prodvizhenie/taraz;NEW;Средний;Развести с национальной услугой и другими городами через уникальный локальный интент, кейсы и внутреннюю перелинковку. Частотность не подтверждена.;Средняя
ppc_geo_taraz;Контекстная реклама в Таразе;контекстная реклама тараз;"настройка google ads тараз; яндекс директ тараз; реклама сайта тараз";Коммерческий геозависимый;;0;0;0;4;;/web-studiya/kontekstnaya-reklama/taraz;NEW;Средний;Развести с национальной услугой и другими городами через уникальный локальный интент, кейсы и внутреннюю перелинковку. Частотность не подтверждена.;Средняя
leadgen_geo_taraz;Лидогенерация в Таразе;лидогенерация тараз;"генерация лидов тараз; лидогенерация для бизнеса тараз; заказать лидогенерацию тараз";Коммерческий геозависимый;;0;0;0;4;;/web-studiya/lidogeneratsiya/taraz;NEW;Средний;Развести с национальной услугой и другими городами через уникальный локальный интент, кейсы и внутреннюю перелинковку. Частотность не подтверждена.;Средняя
site_support_geo_taraz;Поддержка сайтов в Таразе;поддержка сайтов тараз;"техническая поддержка сайта тараз; обслуживание сайтов тараз; сопровождение сайта тараз";Коммерческий геозависимый;;0;0;0;4;;/web-studiya/podderzhka-saytov/taraz;NEW;Средний;Развести с национальной услугой и другими городами через уникальный локальный интент, кейсы и внутреннюю перелинковку. Частотность не подтверждена.;Средняя
digital_consulting_geo_taraz;Digital-консалтинг в Таразе;digital консалтинг тараз;"интернет маркетинг консалтинг тараз; digital стратегия тараз; аудит интернет маркетинга тараз";Коммерческий геозависимый;;0;0;0;4;;/web-studiya/digital-konsalting/taraz;NEW;Средний;Развести с национальной услугой и другими городами через уникальный локальный интент, кейсы и внутреннюю перелинковку. Частотность не подтверждена.;Средняя
webstudio_geo_turkestan;Веб-студия в Туркестане;веб студия туркестан;"услуги веб студии туркестан; digital агентство туркестан; интернет агентство туркестан";Коммерческий геозависимый;;0;0;0;4;;/web-studiya/turkestan;NEW;Средний;Развести с национальной услугой и другими городами через уникальный локальный интент, кейсы и внутреннюю перелинковку. Частотность не подтверждена.;Средняя
site_geo_turkestan;Создание сайтов в Туркестане;создание сайтов туркестан;"разработка сайтов туркестан; заказать сайт туркестан; создание сайта под ключ туркестан";Коммерческий геозависимый;;0;0;0;4;;/sozdanie-saitov-v-turkestane;NEW;Средний;Развести с национальной услугой и другими городами через уникальный локальный интент, кейсы и внутреннюю перелинковку. Частотность не подтверждена.;Средняя
design_geo_turkestan;Услуги дизайнера в Туркестане;услуги дизайнера туркестан;"веб дизайн туркестан; дизайн сайта туркестан; брендинг туркестан";Коммерческий геозависимый;;0;0;0;4;;/web-studiya/dizayn/turkestan;NEW;Средний;Развести с национальной услугой и другими городами через уникальный локальный интент, кейсы и внутреннюю перелинковку. Частотность не подтверждена.;Средняя
seo_geo_turkestan;SEO-продвижение сайтов в Туркестане;seo продвижение туркестан;"продвижение сайтов туркестан; раскрутка сайта туркестан; seo оптимизация туркестан";Коммерческий геозависимый;;0;0;0;4;;/seo-prodvizhenie-sajtov-v-turkestane;NEW;Средний;Развести с национальной услугой и другими городами через уникальный локальный интент, кейсы и внутреннюю перелинковку. Частотность не подтверждена.;Средняя
aeo_geo_turkestan;AEO/GEO-продвижение в Туркестане;продвижение в ии поиске туркестан;"aeo продвижение туркестан; geo продвижение туркестан; оптимизация сайта под ии туркестан";Коммерческий геозависимый;;0;0;0;4;;/web-studiya/aeo-geo-prodvizhenie/turkestan;NEW;Средний;Развести с национальной услугой и другими городами через уникальный локальный интент, кейсы и внутреннюю перелинковку. Частотность не подтверждена.;Средняя
ppc_geo_turkestan;Контекстная реклама в Туркестане;контекстная реклама туркестан;"настройка google ads туркестан; яндекс директ туркестан; реклама сайта туркестан";Коммерческий геозависимый;;0;0;0;4;;/web-studiya/kontekstnaya-reklama/turkestan;NEW;Средний;Развести с национальной услугой и другими городами через уникальный локальный интент, кейсы и внутреннюю перелинковку. Частотность не подтверждена.;Средняя
leadgen_geo_turkestan;Лидогенерация в Туркестане;лидогенерация туркестан;"генерация лидов туркестан; лидогенерация для бизнеса туркестан; заказать лидогенерацию туркестан";Коммерческий геозависимый;;0;0;0;4;;/web-studiya/lidogeneratsiya/turkestan;NEW;Средний;Развести с национальной услугой и другими городами через уникальный локальный интент, кейсы и внутреннюю перелинковку. Частотность не подтверждена.;Средняя
site_support_geo_turkestan;Поддержка сайтов в Туркестане;поддержка сайтов туркестан;"техническая поддержка сайта туркестан; обслуживание сайтов туркестан; сопровождение сайта туркестан";Коммерческий геозависимый;;0;0;0;4;;/web-studiya/podderzhka-saytov/turkestan;NEW;Средний;Развести с национальной услугой и другими городами через уникальный локальный интент, кейсы и внутреннюю перелинковку. Частотность не подтверждена.;Средняя
digital_consulting_geo_turkestan;Digital-консалтинг в Туркестане;digital консалтинг туркестан;"интернет маркетинг консалтинг туркестан; digital стратегия туркестан; аудит интернет маркетинга туркестан";Коммерческий геозависимый;;0;0;0;4;;/web-studiya/digital-konsalting/turkestan;NEW;Средний;Развести с национальной услугой и другими городами через уникальный локальный интент, кейсы и внутреннюю перелинковку. Частотность не подтверждена.;Средняя
webstudio_geo_uralsk;Веб-студия в Уральске;веб студия уральск;"услуги веб студии уральск; digital агентство уральск; интернет агентство уральск";Коммерческий геозависимый;;0;0;0;4;;/web-studiya/uralsk;NEW;Средний;Развести с национальной услугой и другими городами через уникальный локальный интент, кейсы и внутреннюю перелинковку. Частотность не подтверждена.;Средняя
site_geo_uralsk;Создание сайтов в Уральске;создание сайтов уральск;"разработка сайтов уральск; заказать сайт уральск; создание сайта под ключ уральск";Коммерческий геозависимый;;0;0;0;4;;/sozdanie-saitov-v-uralske;NEW;Средний;Развести с национальной услугой и другими городами через уникальный локальный интент, кейсы и внутреннюю перелинковку. Частотность не подтверждена.;Средняя
design_geo_uralsk;Услуги дизайнера в Уральске;услуги дизайнера уральск;"веб дизайн уральск; дизайн сайта уральск; брендинг уральск";Коммерческий геозависимый;;0;0;0;4;;/web-studiya/dizayn/uralsk;NEW;Средний;Развести с национальной услугой и другими городами через уникальный локальный интент, кейсы и внутреннюю перелинковку. Частотность не подтверждена.;Средняя
seo_geo_uralsk;SEO-продвижение сайтов в Уральске;seo продвижение уральск;"продвижение сайтов уральск; раскрутка сайта уральск; seo оптимизация уральск";Коммерческий геозависимый;;0;0;0;4;;/seo-prodvizhenie-sajtov-v-uralske;NEW;Средний;Развести с национальной услугой и другими городами через уникальный локальный интент, кейсы и внутреннюю перелинковку. Частотность не подтверждена.;Средняя
aeo_geo_uralsk;AEO/GEO-продвижение в Уральске;продвижение в ии поиске уральск;"aeo продвижение уральск; geo продвижение уральск; оптимизация сайта под ии уральск";Коммерческий геозависимый;;0;0;0;4;;/web-studiya/aeo-geo-prodvizhenie/uralsk;NEW;Средний;Развести с национальной услугой и другими городами через уникальный локальный интент, кейсы и внутреннюю перелинковку. Частотность не подтверждена.;Средняя
ppc_geo_uralsk;Контекстная реклама в Уральске;контекстная реклама уральск;"настройка google ads уральск; яндекс директ уральск; реклама сайта уральск";Коммерческий геозависимый;;0;0;0;4;;/web-studiya/kontekstnaya-reklama/uralsk;NEW;Средний;Развести с национальной услугой и другими городами через уникальный локальный интент, кейсы и внутреннюю перелинковку. Частотность не подтверждена.;Средняя
leadgen_geo_uralsk;Лидогенерация в Уральске;лидогенерация уральск;"генерация лидов уральск; лидогенерация для бизнеса уральск; заказать лидогенерацию уральск";Коммерческий геозависимый;;0;0;0;4;;/web-studiya/lidogeneratsiya/uralsk;NEW;Средний;Развести с национальной услугой и другими городами через уникальный локальный интент, кейсы и внутреннюю перелинковку. Частотность не подтверждена.;Средняя
site_support_geo_uralsk;Поддержка сайтов в Уральске;поддержка сайтов уральск;"техническая поддержка сайта уральск; обслуживание сайтов уральск; сопровождение сайта уральск";Коммерческий геозависимый;;0;0;0;4;;/web-studiya/podderzhka-saytov/uralsk;NEW;Средний;Развести с национальной услугой и другими городами через уникальный локальный интент, кейсы и внутреннюю перелинковку. Частотность не подтверждена.;Средняя
digital_consulting_geo_uralsk;Digital-консалтинг в Уральске;digital консалтинг уральск;"интернет маркетинг консалтинг уральск; digital стратегия уральск; аудит интернет маркетинга уральск";Коммерческий геозависимый;;0;0;0;4;;/web-studiya/digital-konsalting/uralsk;NEW;Средний;Развести с национальной услугой и другими городами через уникальный локальный интент, кейсы и внутреннюю перелинковку. Частотность не подтверждена.;Средняя
webstudio_geo_ust_kamenogorsk;Веб-студия в Усть-Каменогорске;веб студия усть-каменогорск;"услуги веб студии усть-каменогорск; digital агентство усть-каменогорск; интернет агентство усть-каменогорск";Коммерческий геозависимый;;0;0;0;4;;/web-studiya/ust-kamenogorsk;NEW;Средний;Развести с национальной услугой и другими городами через уникальный локальный интент, кейсы и внутреннюю перелинковку. Частотность не подтверждена.;Средняя
site_geo_ust_kamenogorsk;Создание сайтов в Усть-Каменогорске;создание сайтов усть-каменогорск;"разработка сайтов усть-каменогорск; заказать сайт усть-каменогорск; создание сайта под ключ усть-каменогорск";Коммерческий геозависимый;;0;0;0;4;;/sozdanie-saitov-v-ust-kamenogorske;NEW;Средний;Развести с национальной услугой и другими городами через уникальный локальный интент, кейсы и внутреннюю перелинковку. Частотность не подтверждена.;Средняя
design_geo_ust_kamenogorsk;Услуги дизайнера в Усть-Каменогорске;услуги дизайнера усть-каменогорск;"веб дизайн усть-каменогорск; дизайн сайта усть-каменогорск; брендинг усть-каменогорск";Коммерческий геозависимый;;0;0;0;4;;/web-studiya/dizayn/ust-kamenogorsk;NEW;Средний;Развести с национальной услугой и другими городами через уникальный локальный интент, кейсы и внутреннюю перелинковку. Частотность не подтверждена.;Средняя
seo_geo_ust_kamenogorsk;SEO-продвижение сайтов в Усть-Каменогорске;seo продвижение усть-каменогорск;"продвижение сайтов усть-каменогорск; раскрутка сайта усть-каменогорск; seo оптимизация усть-каменогорск";Коммерческий геозависимый;;0;0;0;4;;/seo-prodvizhenie-sajtov-v-ust-kamenogorske;NEW;Средний;Развести с национальной услугой и другими городами через уникальный локальный интент, кейсы и внутреннюю перелинковку. Частотность не подтверждена.;Средняя
aeo_geo_ust_kamenogorsk;AEO/GEO-продвижение в Усть-Каменогорске;продвижение в ии поиске усть-каменогорск;"aeo продвижение усть-каменогорск; geo продвижение усть-каменогорск; оптимизация сайта под ии усть-каменогорск";Коммерческий геозависимый;;0;0;0;4;;/web-studiya/aeo-geo-prodvizhenie/ust-kamenogorsk;NEW;Средний;Развести с национальной услугой и другими городами через уникальный локальный интент, кейсы и внутреннюю перелинковку. Частотность не подтверждена.;Средняя
ppc_geo_ust_kamenogorsk;Контекстная реклама в Усть-Каменогорске;контекстная реклама усть-каменогорск;"настройка google ads усть-каменогорск; яндекс директ усть-каменогорск; реклама сайта усть-каменогорск";Коммерческий геозависимый;;0;0;0;4;;/web-studiya/kontekstnaya-reklama/ust-kamenogorsk;NEW;Средний;Развести с национальной услугой и другими городами через уникальный локальный интент, кейсы и внутреннюю перелинковку. Частотность не подтверждена.;Средняя
leadgen_geo_ust_kamenogorsk;Лидогенерация в Усть-Каменогорске;лидогенерация усть-каменогорск;"генерация лидов усть-каменогорск; лидогенерация для бизнеса усть-каменогорск; заказать лидогенерацию усть-каменогорск";Коммерческий геозависимый;;0;0;0;4;;/web-studiya/lidogeneratsiya/ust-kamenogorsk;NEW;Средний;Развести с национальной услугой и другими городами через уникальный локальный интент, кейсы и внутреннюю перелинковку. Частотность не подтверждена.;Средняя
site_support_geo_ust_kamenogorsk;Поддержка сайтов в Усть-Каменогорске;поддержка сайтов усть-каменогорск;"техническая поддержка сайта усть-каменогорск; обслуживание сайтов усть-каменогорск; сопровождение сайта усть-каменогорск";Коммерческий геозависимый;;0;0;0;4;;/web-studiya/podderzhka-saytov/ust-kamenogorsk;NEW;Средний;Развести с национальной услугой и другими городами через уникальный локальный интент, кейсы и внутреннюю перелинковку. Частотность не подтверждена.;Средняя
digital_consulting_geo_ust_kamenogorsk;Digital-консалтинг в Усть-Каменогорске;digital консалтинг усть-каменогорск;"интернет маркетинг консалтинг усть-каменогорск; digital стратегия усть-каменогорск; аудит интернет маркетинга усть-каменогорск";Коммерческий геозависимый;;0;0;0;4;;/web-studiya/digital-konsalting/ust-kamenogorsk;NEW;Средний;Развести с национальной услугой и другими городами через уникальный локальный интент, кейсы и внутреннюю перелинковку. Частотность не подтверждена.;Средняя
