Город;Приоритет города;Направление;Базовая страница;Региональный URL;Кластер;Основной запрос;Источник решения;Статус страницы;Решение;Приоритет P1–P4;Этап;Требование к контенту;Внутренняя перелинковка;Примечание
Алматы;T1;Веб-студия;/web-studiya;/web-studiya/almaty;webstudio_geo_almaty;веб студия алматы;"Новое вводное заказчика; частотность требует проверки";Новая — создать;NEW;P1;Региональные страницы — этап 1;"Уникальный локальный оффер, спрос и бизнес-контекст города, релевантные кейсы/доказательства, FAQ и CTA; не использовать копию с заменой топонима.";"Городской хаб: /web-studiya/almaty; базовая услуга: /web-studiya";Региональный хаб связывает восемь основных услуг города.
Алматы;T1;Создание сайтов;/sozdanie-saitov;/sozdanie-saitov-v-almaty;site_geo_almaty;создание сайтов алматы;Существующий URL / GSC / прежняя карта;Существующая — сохранить и переработать;UPDATE;P1;Региональные страницы — этап 1;"Уникальный локальный оффер, спрос и бизнес-контекст города, релевантные кейсы/доказательства, FAQ и CTA; не использовать копию с заменой топонима.";"Городской хаб: /web-studiya/almaty; базовая услуга: /sozdanie-saitov";Не добавлять LocalBusiness/адрес офиса без фактического присутствия в городе.
Алматы;T1;Услуги дизайнера;/web-studiya/dizayn;/web-studiya/dizayn/almaty;design_geo_almaty;услуги дизайнера алматы;"Новое вводное заказчика; частотность требует проверки";Новая — создать;NEW;P2;Региональные страницы — этап 2;"Уникальный локальный оффер, спрос и бизнес-контекст города, релевантные кейсы/доказательства, FAQ и CTA; не использовать копию с заменой топонима.";"Городской хаб: /web-studiya/almaty; базовая услуга: /web-studiya/dizayn";Не добавлять LocalBusiness/адрес офиса без фактического присутствия в городе.
Алматы;T1;SEO-продвижение;/seo-prodvizhenie-sajtov;/seo-prodvizhenie-sajtov-v-almaty;seo_geo_almaty;seo продвижение алматы;Существующий URL / GSC / прежняя карта;Существующая — сохранить и переработать;UPDATE;P1;Региональные страницы — этап 1;"Уникальный локальный оффер, спрос и бизнес-контекст города, релевантные кейсы/доказательства, FAQ и CTA; не использовать копию с заменой топонима.";"Городской хаб: /web-studiya/almaty; базовая услуга: /seo-prodvizhenie-sajtov";Не добавлять LocalBusiness/адрес офиса без фактического присутствия в городе.
Алматы;T1;AEO/GEO-продвижение;/web-studiya/aeo-geo-prodvizhenie;/web-studiya/aeo-geo-prodvizhenie/almaty;aeo_geo_almaty;продвижение в ии поиске алматы;"Новое вводное заказчика; частотность требует проверки";Новая — создать;NEW;P2;Региональные страницы — этап 2;"Уникальный локальный оффер, спрос и бизнес-контекст города, релевантные кейсы/доказательства, FAQ и CTA; не использовать копию с заменой топонима.";"Городской хаб: /web-studiya/almaty; базовая услуга: /web-studiya/aeo-geo-prodvizhenie";Не добавлять LocalBusiness/адрес офиса без фактического присутствия в городе.
Алматы;T1;Контекстная реклама;/web-studiya/kontekstnaya-reklama;/web-studiya/kontekstnaya-reklama/almaty;ppc_geo_almaty;контекстная реклама алматы;"Новое вводное заказчика; частотность требует проверки";Новая — создать;NEW;P2;Региональные страницы — этап 2;"Уникальный локальный оффер, спрос и бизнес-контекст города, релевантные кейсы/доказательства, FAQ и CTA; не использовать копию с заменой топонима.";"Городской хаб: /web-studiya/almaty; базовая услуга: /web-studiya/kontekstnaya-reklama";Не добавлять LocalBusiness/адрес офиса без фактического присутствия в городе.
Алматы;T1;Лидогенерация;/web-studiya/lidogeneratsiya;/web-studiya/lidogeneratsiya/almaty;leadgen_geo_almaty;лидогенерация алматы;"Новое вводное заказчика; частотность требует проверки";Новая — создать;NEW;P2;Региональные страницы — этап 2;"Уникальный локальный оффер, спрос и бизнес-контекст города, релевантные кейсы/доказательства, FAQ и CTA; не использовать копию с заменой топонима.";"Городской хаб: /web-studiya/almaty; базовая услуга: /web-studiya/lidogeneratsiya";Не добавлять LocalBusiness/адрес офиса без фактического присутствия в городе.
Алматы;T1;Поддержка сайтов;/web-studiya/podderzhka-saytov;/web-studiya/podderzhka-saytov/almaty;site_support_geo_almaty;поддержка сайтов алматы;"Новое вводное заказчика; частотность требует проверки";Новая — создать;NEW;P2;Региональные страницы — этап 2;"Уникальный локальный оффер, спрос и бизнес-контекст города, релевантные кейсы/доказательства, FAQ и CTA; не использовать копию с заменой топонима.";"Городской хаб: /web-studiya/almaty; базовая услуга: /web-studiya/podderzhka-saytov";Не добавлять LocalBusiness/адрес офиса без фактического присутствия в городе.
Алматы;T1;Digital-консалтинг;/web-studiya/digital-konsalting;/web-studiya/digital-konsalting/almaty;digital_consulting_geo_almaty;digital консалтинг алматы;"Новое вводное заказчика; частотность требует проверки";Новая — создать;NEW;P2;Региональные страницы — этап 2;"Уникальный локальный оффер, спрос и бизнес-контекст города, релевантные кейсы/доказательства, FAQ и CTA; не использовать копию с заменой топонима.";"Городской хаб: /web-studiya/almaty; базовая услуга: /web-studiya/digital-konsalting";Не добавлять LocalBusiness/адрес офиса без фактического присутствия в городе.
Астана;T1;Веб-студия;/web-studiya;/web-studiya/astana;webstudio_geo_astana;веб студия астана;"Новое вводное заказчика; частотность требует проверки";Новая — создать;NEW;P1;Региональные страницы — этап 1;"Уникальный локальный оффер, спрос и бизнес-контекст города, релевантные кейсы/доказательства, FAQ и CTA; не использовать копию с заменой топонима.";"Городской хаб: /web-studiya/astana; базовая услуга: /web-studiya";Региональный хаб связывает восемь основных услуг города.
Астана;T1;Создание сайтов;/sozdanie-saitov;/sozdanie-saitov-v-astane;site_geo_astana;создание сайтов астана;Существующий URL / GSC / прежняя карта;Существующая — сохранить и переработать;UPDATE;P1;Региональные страницы — этап 1;"Уникальный локальный оффер, спрос и бизнес-контекст города, релевантные кейсы/доказательства, FAQ и CTA; не использовать копию с заменой топонима.";"Городской хаб: /web-studiya/astana; базовая услуга: /sozdanie-saitov";Не добавлять LocalBusiness/адрес офиса без фактического присутствия в городе.
Астана;T1;Услуги дизайнера;/web-studiya/dizayn;/web-studiya/dizayn/astana;design_geo_astana;услуги дизайнера астана;"Новое вводное заказчика; частотность требует проверки";Новая — создать;NEW;P2;Региональные страницы — этап 2;"Уникальный локальный оффер, спрос и бизнес-контекст города, релевантные кейсы/доказательства, FAQ и CTA; не использовать копию с заменой топонима.";"Городской хаб: /web-studiya/astana; базовая услуга: /web-studiya/dizayn";Не добавлять LocalBusiness/адрес офиса без фактического присутствия в городе.
Астана;T1;SEO-продвижение;/seo-prodvizhenie-sajtov;/seo-prodvizhenie-sajtov-v-astane;seo_geo_astana;seo продвижение астана;Существующий URL / GSC / прежняя карта;Существующая — сохранить и переработать;UPDATE;P1;Региональные страницы — этап 1;"Уникальный локальный оффер, спрос и бизнес-контекст города, релевантные кейсы/доказательства, FAQ и CTA; не использовать копию с заменой топонима.";"Городской хаб: /web-studiya/astana; базовая услуга: /seo-prodvizhenie-sajtov";Не добавлять LocalBusiness/адрес офиса без фактического присутствия в городе.
Астана;T1;AEO/GEO-продвижение;/web-studiya/aeo-geo-prodvizhenie;/web-studiya/aeo-geo-prodvizhenie/astana;aeo_geo_astana;продвижение в ии поиске астана;"Новое вводное заказчика; частотность требует проверки";Новая — создать;NEW;P2;Региональные страницы — этап 2;"Уникальный локальный оффер, спрос и бизнес-контекст города, релевантные кейсы/доказательства, FAQ и CTA; не использовать копию с заменой топонима.";"Городской хаб: /web-studiya/astana; базовая услуга: /web-studiya/aeo-geo-prodvizhenie";Не добавлять LocalBusiness/адрес офиса без фактического присутствия в городе.
Астана;T1;Контекстная реклама;/web-studiya/kontekstnaya-reklama;/web-studiya/kontekstnaya-reklama/astana;ppc_geo_astana;контекстная реклама астана;"Новое вводное заказчика; частотность требует проверки";Новая — создать;NEW;P2;Региональные страницы — этап 2;"Уникальный локальный оффер, спрос и бизнес-контекст города, релевантные кейсы/доказательства, FAQ и CTA; не использовать копию с заменой топонима.";"Городской хаб: /web-studiya/astana; базовая услуга: /web-studiya/kontekstnaya-reklama";Не добавлять LocalBusiness/адрес офиса без фактического присутствия в городе.
Астана;T1;Лидогенерация;/web-studiya/lidogeneratsiya;/web-studiya/lidogeneratsiya/astana;leadgen_geo_astana;лидогенерация астана;"Новое вводное заказчика; частотность требует проверки";Новая — создать;NEW;P2;Региональные страницы — этап 2;"Уникальный локальный оффер, спрос и бизнес-контекст города, релевантные кейсы/доказательства, FAQ и CTA; не использовать копию с заменой топонима.";"Городской хаб: /web-studiya/astana; базовая услуга: /web-studiya/lidogeneratsiya";Не добавлять LocalBusiness/адрес офиса без фактического присутствия в городе.
Астана;T1;Поддержка сайтов;/web-studiya/podderzhka-saytov;/web-studiya/podderzhka-saytov/astana;site_support_geo_astana;поддержка сайтов астана;"Новое вводное заказчика; частотность требует проверки";Новая — создать;NEW;P2;Региональные страницы — этап 2;"Уникальный локальный оффер, спрос и бизнес-контекст города, релевантные кейсы/доказательства, FAQ и CTA; не использовать копию с заменой топонима.";"Городской хаб: /web-studiya/astana; базовая услуга: /web-studiya/podderzhka-saytov";Не добавлять LocalBusiness/адрес офиса без фактического присутствия в городе.
Астана;T1;Digital-консалтинг;/web-studiya/digital-konsalting;/web-studiya/digital-konsalting/astana;digital_consulting_geo_astana;digital консалтинг астана;"Новое вводное заказчика; частотность требует проверки";Новая — создать;NEW;P2;Региональные страницы — этап 2;"Уникальный локальный оффер, спрос и бизнес-контекст города, релевантные кейсы/доказательства, FAQ и CTA; не использовать копию с заменой топонима.";"Городской хаб: /web-studiya/astana; базовая услуга: /web-studiya/digital-konsalting";Не добавлять LocalBusiness/адрес офиса без фактического присутствия в городе.
Шымкент;T1;Веб-студия;/web-studiya;/web-studiya/shymkent;webstudio_geo_shymkent;веб студия шымкент;"Новое вводное заказчика; частотность требует проверки";Новая — создать;NEW;P1;Региональные страницы — этап 1;"Уникальный локальный оффер, спрос и бизнес-контекст города, релевантные кейсы/доказательства, FAQ и CTA; не использовать копию с заменой топонима.";"Городской хаб: /web-studiya/shymkent; базовая услуга: /web-studiya";Региональный хаб связывает восемь основных услуг города.
Шымкент;T1;Создание сайтов;/sozdanie-saitov;/sozdanie-saitov-v-shimkente;site_geo_shymkent;создание сайтов шымкент;Существующий URL / GSC / прежняя карта;Существующая — сохранить и переработать;UPDATE;P1;Региональные страницы — этап 1;"Уникальный локальный оффер, спрос и бизнес-контекст города, релевантные кейсы/доказательства, FAQ и CTA; не использовать копию с заменой топонима.";"Городской хаб: /web-studiya/shymkent; базовая услуга: /sozdanie-saitov";Не добавлять LocalBusiness/адрес офиса без фактического присутствия в городе.
Шымкент;T1;Услуги дизайнера;/web-studiya/dizayn;/web-studiya/dizayn/shymkent;design_geo_shymkent;услуги дизайнера шымкент;"Новое вводное заказчика; частотность требует проверки";Новая — создать;NEW;P2;Региональные страницы — этап 2;"Уникальный локальный оффер, спрос и бизнес-контекст города, релевантные кейсы/доказательства, FAQ и CTA; не использовать копию с заменой топонима.";"Городской хаб: /web-studiya/shymkent; базовая услуга: /web-studiya/dizayn";Не добавлять LocalBusiness/адрес офиса без фактического присутствия в городе.
Шымкент;T1;SEO-продвижение;/seo-prodvizhenie-sajtov;/seo-prodvizhenie-sajtov-v-shimkente;seo_geo_shymkent;seo продвижение шымкент;Существующий URL / GSC / прежняя карта;Существующая — сохранить и переработать;UPDATE;P1;Региональные страницы — этап 1;"Уникальный локальный оффер, спрос и бизнес-контекст города, релевантные кейсы/доказательства, FAQ и CTA; не использовать копию с заменой топонима.";"Городской хаб: /web-studiya/shymkent; базовая услуга: /seo-prodvizhenie-sajtov";Не добавлять LocalBusiness/адрес офиса без фактического присутствия в городе.
Шымкент;T1;AEO/GEO-продвижение;/web-studiya/aeo-geo-prodvizhenie;/web-studiya/aeo-geo-prodvizhenie/shymkent;aeo_geo_shymkent;продвижение в ии поиске шымкент;"Новое вводное заказчика; частотность требует проверки";Новая — создать;NEW;P2;Региональные страницы — этап 2;"Уникальный локальный оффер, спрос и бизнес-контекст города, релевантные кейсы/доказательства, FAQ и CTA; не использовать копию с заменой топонима.";"Городской хаб: /web-studiya/shymkent; базовая услуга: /web-studiya/aeo-geo-prodvizhenie";Не добавлять LocalBusiness/адрес офиса без фактического присутствия в городе.
Шымкент;T1;Контекстная реклама;/web-studiya/kontekstnaya-reklama;/web-studiya/kontekstnaya-reklama/shymkent;ppc_geo_shymkent;контекстная реклама шымкент;"Новое вводное заказчика; частотность требует проверки";Новая — создать;NEW;P2;Региональные страницы — этап 2;"Уникальный локальный оффер, спрос и бизнес-контекст города, релевантные кейсы/доказательства, FAQ и CTA; не использовать копию с заменой топонима.";"Городской хаб: /web-studiya/shymkent; базовая услуга: /web-studiya/kontekstnaya-reklama";Не добавлять LocalBusiness/адрес офиса без фактического присутствия в городе.
Шымкент;T1;Лидогенерация;/web-studiya/lidogeneratsiya;/web-studiya/lidogeneratsiya/shymkent;leadgen_geo_shymkent;лидогенерация шымкент;"Новое вводное заказчика; частотность требует проверки";Новая — создать;NEW;P2;Региональные страницы — этап 2;"Уникальный локальный оффер, спрос и бизнес-контекст города, релевантные кейсы/доказательства, FAQ и CTA; не использовать копию с заменой топонима.";"Городской хаб: /web-studiya/shymkent; базовая услуга: /web-studiya/lidogeneratsiya";Не добавлять LocalBusiness/адрес офиса без фактического присутствия в городе.
Шымкент;T1;Поддержка сайтов;/web-studiya/podderzhka-saytov;/web-studiya/podderzhka-saytov/shymkent;site_support_geo_shymkent;поддержка сайтов шымкент;"Новое вводное заказчика; частотность требует проверки";Новая — создать;NEW;P2;Региональные страницы — этап 2;"Уникальный локальный оффер, спрос и бизнес-контекст города, релевантные кейсы/доказательства, FAQ и CTA; не использовать копию с заменой топонима.";"Городской хаб: /web-studiya/shymkent; базовая услуга: /web-studiya/podderzhka-saytov";Не добавлять LocalBusiness/адрес офиса без фактического присутствия в городе.
Шымкент;T1;Digital-консалтинг;/web-studiya/digital-konsalting;/web-studiya/digital-konsalting/shymkent;digital_consulting_geo_shymkent;digital консалтинг шымкент;"Новое вводное заказчика; частотность требует проверки";Новая — создать;NEW;P2;Региональные страницы — этап 2;"Уникальный локальный оффер, спрос и бизнес-контекст города, релевантные кейсы/доказательства, FAQ и CTA; не использовать копию с заменой топонима.";"Городской хаб: /web-studiya/shymkent; базовая услуга: /web-studiya/digital-konsalting";Не добавлять LocalBusiness/адрес офиса без фактического присутствия в городе.
Актау;T2;Веб-студия;/web-studiya;/web-studiya/aktau;webstudio_geo_aktau;веб студия актау;"Новое вводное заказчика; частотность требует проверки";Новая — создать;NEW;P2;Региональные страницы — этап 2;"Уникальный локальный оффер, спрос и бизнес-контекст города, релевантные кейсы/доказательства, FAQ и CTA; не использовать копию с заменой топонима.";"Городской хаб: /web-studiya/aktau; базовая услуга: /web-studiya";Региональный хаб связывает восемь основных услуг города.
Актау;T2;Создание сайтов;/sozdanie-saitov;/sozdanie-saitov-v-aktau;site_geo_aktau;создание сайтов актау;"Новое вводное заказчика; частотность требует проверки";Новая — создать;NEW;P2;Региональные страницы — этап 2;"Уникальный локальный оффер, спрос и бизнес-контекст города, релевантные кейсы/доказательства, FAQ и CTA; не использовать копию с заменой топонима.";"Городской хаб: /web-studiya/aktau; базовая услуга: /sozdanie-saitov";Не добавлять LocalBusiness/адрес офиса без фактического присутствия в городе.
Актау;T2;Услуги дизайнера;/web-studiya/dizayn;/web-studiya/dizayn/aktau;design_geo_aktau;услуги дизайнера актау;"Новое вводное заказчика; частотность требует проверки";Новая — создать;NEW;P3;Региональные страницы — этап 3;"Уникальный локальный оффер, спрос и бизнес-контекст города, релевантные кейсы/доказательства, FAQ и CTA; не использовать копию с заменой топонима.";"Городской хаб: /web-studiya/aktau; базовая услуга: /web-studiya/dizayn";Не добавлять LocalBusiness/адрес офиса без фактического присутствия в городе.
Актау;T2;SEO-продвижение;/seo-prodvizhenie-sajtov;/seo-prodvizhenie-sajtov-v-aktau;seo_geo_aktau;seo продвижение актау;"Новое вводное заказчика; частотность требует проверки";Новая — создать;NEW;P2;Региональные страницы — этап 2;"Уникальный локальный оффер, спрос и бизнес-контекст города, релевантные кейсы/доказательства, FAQ и CTA; не использовать копию с заменой топонима.";"Городской хаб: /web-studiya/aktau; базовая услуга: /seo-prodvizhenie-sajtov";Не добавлять LocalBusiness/адрес офиса без фактического присутствия в городе.
Актау;T2;AEO/GEO-продвижение;/web-studiya/aeo-geo-prodvizhenie;/web-studiya/aeo-geo-prodvizhenie/aktau;aeo_geo_aktau;продвижение в ии поиске актау;"Новое вводное заказчика; частотность требует проверки";Новая — создать;NEW;P3;Региональные страницы — этап 3;"Уникальный локальный оффер, спрос и бизнес-контекст города, релевантные кейсы/доказательства, FAQ и CTA; не использовать копию с заменой топонима.";"Городской хаб: /web-studiya/aktau; базовая услуга: /web-studiya/aeo-geo-prodvizhenie";Не добавлять LocalBusiness/адрес офиса без фактического присутствия в городе.
Актау;T2;Контекстная реклама;/web-studiya/kontekstnaya-reklama;/web-studiya/kontekstnaya-reklama/aktau;ppc_geo_aktau;контекстная реклама актау;"Новое вводное заказчика; частотность требует проверки";Новая — создать;NEW;P3;Региональные страницы — этап 3;"Уникальный локальный оффер, спрос и бизнес-контекст города, релевантные кейсы/доказательства, FAQ и CTA; не использовать копию с заменой топонима.";"Городской хаб: /web-studiya/aktau; базовая услуга: /web-studiya/kontekstnaya-reklama";Не добавлять LocalBusiness/адрес офиса без фактического присутствия в городе.
Актау;T2;Лидогенерация;/web-studiya/lidogeneratsiya;/web-studiya/lidogeneratsiya/aktau;leadgen_geo_aktau;лидогенерация актау;"Новое вводное заказчика; частотность требует проверки";Новая — создать;NEW;P3;Региональные страницы — этап 3;"Уникальный локальный оффер, спрос и бизнес-контекст города, релевантные кейсы/доказательства, FAQ и CTA; не использовать копию с заменой топонима.";"Городской хаб: /web-studiya/aktau; базовая услуга: /web-studiya/lidogeneratsiya";Не добавлять LocalBusiness/адрес офиса без фактического присутствия в городе.
Актау;T2;Поддержка сайтов;/web-studiya/podderzhka-saytov;/web-studiya/podderzhka-saytov/aktau;site_support_geo_aktau;поддержка сайтов актау;"Новое вводное заказчика; частотность требует проверки";Новая — создать;NEW;P3;Региональные страницы — этап 3;"Уникальный локальный оффер, спрос и бизнес-контекст города, релевантные кейсы/доказательства, FAQ и CTA; не использовать копию с заменой топонима.";"Городской хаб: /web-studiya/aktau; базовая услуга: /web-studiya/podderzhka-saytov";Не добавлять LocalBusiness/адрес офиса без фактического присутствия в городе.
Актау;T2;Digital-консалтинг;/web-studiya/digital-konsalting;/web-studiya/digital-konsalting/aktau;digital_consulting_geo_aktau;digital консалтинг актау;"Новое вводное заказчика; частотность требует проверки";Новая — создать;NEW;P3;Региональные страницы — этап 3;"Уникальный локальный оффер, спрос и бизнес-контекст города, релевантные кейсы/доказательства, FAQ и CTA; не использовать копию с заменой топонима.";"Городской хаб: /web-studiya/aktau; базовая услуга: /web-studiya/digital-konsalting";Не добавлять LocalBusiness/адрес офиса без фактического присутствия в городе.
Актобе;T2;Веб-студия;/web-studiya;/web-studiya/aktobe;webstudio_geo_aktobe;веб студия актобе;"Новое вводное заказчика; частотность требует проверки";Новая — создать;NEW;P2;Региональные страницы — этап 2;"Уникальный локальный оффер, спрос и бизнес-контекст города, релевантные кейсы/доказательства, FAQ и CTA; не использовать копию с заменой топонима.";"Городской хаб: /web-studiya/aktobe; базовая услуга: /web-studiya";Региональный хаб связывает восемь основных услуг города.
Актобе;T2;Создание сайтов;/sozdanie-saitov;/sozdanie-saitov-v-aktobe;site_geo_aktobe;создание сайтов актобе;"Новое вводное заказчика; частотность требует проверки";Новая — создать;NEW;P2;Региональные страницы — этап 2;"Уникальный локальный оффер, спрос и бизнес-контекст города, релевантные кейсы/доказательства, FAQ и CTA; не использовать копию с заменой топонима.";"Городской хаб: /web-studiya/aktobe; базовая услуга: /sozdanie-saitov";Не добавлять LocalBusiness/адрес офиса без фактического присутствия в городе.
Актобе;T2;Услуги дизайнера;/web-studiya/dizayn;/web-studiya/dizayn/aktobe;design_geo_aktobe;услуги дизайнера актобе;"Новое вводное заказчика; частотность требует проверки";Новая — создать;NEW;P3;Региональные страницы — этап 3;"Уникальный локальный оффер, спрос и бизнес-контекст города, релевантные кейсы/доказательства, FAQ и CTA; не использовать копию с заменой топонима.";"Городской хаб: /web-studiya/aktobe; базовая услуга: /web-studiya/dizayn";Не добавлять LocalBusiness/адрес офиса без фактического присутствия в городе.
Актобе;T2;SEO-продвижение;/seo-prodvizhenie-sajtov;/seo-prodvizhenie-sajtov-v-aktobe;seo_geo_aktobe;seo продвижение актобе;"Новое вводное заказчика; частотность требует проверки";Новая — создать;NEW;P2;Региональные страницы — этап 2;"Уникальный локальный оффер, спрос и бизнес-контекст города, релевантные кейсы/доказательства, FAQ и CTA; не использовать копию с заменой топонима.";"Городской хаб: /web-studiya/aktobe; базовая услуга: /seo-prodvizhenie-sajtov";Не добавлять LocalBusiness/адрес офиса без фактического присутствия в городе.
Актобе;T2;AEO/GEO-продвижение;/web-studiya/aeo-geo-prodvizhenie;/web-studiya/aeo-geo-prodvizhenie/aktobe;aeo_geo_aktobe;продвижение в ии поиске актобе;"Новое вводное заказчика; частотность требует проверки";Новая — создать;NEW;P3;Региональные страницы — этап 3;"Уникальный локальный оффер, спрос и бизнес-контекст города, релевантные кейсы/доказательства, FAQ и CTA; не использовать копию с заменой топонима.";"Городской хаб: /web-studiya/aktobe; базовая услуга: /web-studiya/aeo-geo-prodvizhenie";Не добавлять LocalBusiness/адрес офиса без фактического присутствия в городе.
Актобе;T2;Контекстная реклама;/web-studiya/kontekstnaya-reklama;/web-studiya/kontekstnaya-reklama/aktobe;ppc_geo_aktobe;контекстная реклама актобе;"Новое вводное заказчика; частотность требует проверки";Новая — создать;NEW;P3;Региональные страницы — этап 3;"Уникальный локальный оффер, спрос и бизнес-контекст города, релевантные кейсы/доказательства, FAQ и CTA; не использовать копию с заменой топонима.";"Городской хаб: /web-studiya/aktobe; базовая услуга: /web-studiya/kontekstnaya-reklama";Не добавлять LocalBusiness/адрес офиса без фактического присутствия в городе.
Актобе;T2;Лидогенерация;/web-studiya/lidogeneratsiya;/web-studiya/lidogeneratsiya/aktobe;leadgen_geo_aktobe;лидогенерация актобе;"Новое вводное заказчика; частотность требует проверки";Новая — создать;NEW;P3;Региональные страницы — этап 3;"Уникальный локальный оффер, спрос и бизнес-контекст города, релевантные кейсы/доказательства, FAQ и CTA; не использовать копию с заменой топонима.";"Городской хаб: /web-studiya/aktobe; базовая услуга: /web-studiya/lidogeneratsiya";Не добавлять LocalBusiness/адрес офиса без фактического присутствия в городе.
Актобе;T2;Поддержка сайтов;/web-studiya/podderzhka-saytov;/web-studiya/podderzhka-saytov/aktobe;site_support_geo_aktobe;поддержка сайтов актобе;"Новое вводное заказчика; частотность требует проверки";Новая — создать;NEW;P3;Региональные страницы — этап 3;"Уникальный локальный оффер, спрос и бизнес-контекст города, релевантные кейсы/доказательства, FAQ и CTA; не использовать копию с заменой топонима.";"Городской хаб: /web-studiya/aktobe; базовая услуга: /web-studiya/podderzhka-saytov";Не добавлять LocalBusiness/адрес офиса без фактического присутствия в городе.
Актобе;T2;Digital-консалтинг;/web-studiya/digital-konsalting;/web-studiya/digital-konsalting/aktobe;digital_consulting_geo_aktobe;digital консалтинг актобе;"Новое вводное заказчика; частотность требует проверки";Новая — создать;NEW;P3;Региональные страницы — этап 3;"Уникальный локальный оффер, спрос и бизнес-контекст города, релевантные кейсы/доказательства, FAQ и CTA; не использовать копию с заменой топонима.";"Городской хаб: /web-studiya/aktobe; базовая услуга: /web-studiya/digital-konsalting";Не добавлять LocalBusiness/адрес офиса без фактического присутствия в городе.
Атырау;T2;Веб-студия;/web-studiya;/web-studiya/atyrau;webstudio_geo_atyrau;веб студия атырау;"Новое вводное заказчика; частотность требует проверки";Новая — создать;NEW;P2;Региональные страницы — этап 2;"Уникальный локальный оффер, спрос и бизнес-контекст города, релевантные кейсы/доказательства, FAQ и CTA; не использовать копию с заменой топонима.";"Городской хаб: /web-studiya/atyrau; базовая услуга: /web-studiya";Региональный хаб связывает восемь основных услуг города.
Атырау;T2;Создание сайтов;/sozdanie-saitov;/sozdanie-saitov-v-atyrau;site_geo_atyrau;создание сайтов атырау;"Новое вводное заказчика; частотность требует проверки";Новая — создать;NEW;P2;Региональные страницы — этап 2;"Уникальный локальный оффер, спрос и бизнес-контекст города, релевантные кейсы/доказательства, FAQ и CTA; не использовать копию с заменой топонима.";"Городской хаб: /web-studiya/atyrau; базовая услуга: /sozdanie-saitov";Не добавлять LocalBusiness/адрес офиса без фактического присутствия в городе.
Атырау;T2;Услуги дизайнера;/web-studiya/dizayn;/web-studiya/dizayn/atyrau;design_geo_atyrau;услуги дизайнера атырау;"Новое вводное заказчика; частотность требует проверки";Новая — создать;NEW;P3;Региональные страницы — этап 3;"Уникальный локальный оффер, спрос и бизнес-контекст города, релевантные кейсы/доказательства, FAQ и CTA; не использовать копию с заменой топонима.";"Городской хаб: /web-studiya/atyrau; базовая услуга: /web-studiya/dizayn";Не добавлять LocalBusiness/адрес офиса без фактического присутствия в городе.
Атырау;T2;SEO-продвижение;/seo-prodvizhenie-sajtov;/seo-prodvizhenie-sajtov-v-atyrau;seo_geo_atyrau;seo продвижение атырау;"Новое вводное заказчика; частотность требует проверки";Новая — создать;NEW;P2;Региональные страницы — этап 2;"Уникальный локальный оффер, спрос и бизнес-контекст города, релевантные кейсы/доказательства, FAQ и CTA; не использовать копию с заменой топонима.";"Городской хаб: /web-studiya/atyrau; базовая услуга: /seo-prodvizhenie-sajtov";Не добавлять LocalBusiness/адрес офиса без фактического присутствия в городе.
Атырау;T2;AEO/GEO-продвижение;/web-studiya/aeo-geo-prodvizhenie;/web-studiya/aeo-geo-prodvizhenie/atyrau;aeo_geo_atyrau;продвижение в ии поиске атырау;"Новое вводное заказчика; частотность требует проверки";Новая — создать;NEW;P3;Региональные страницы — этап 3;"Уникальный локальный оффер, спрос и бизнес-контекст города, релевантные кейсы/доказательства, FAQ и CTA; не использовать копию с заменой топонима.";"Городской хаб: /web-studiya/atyrau; базовая услуга: /web-studiya/aeo-geo-prodvizhenie";Не добавлять LocalBusiness/адрес офиса без фактического присутствия в городе.
Атырау;T2;Контекстная реклама;/web-studiya/kontekstnaya-reklama;/web-studiya/kontekstnaya-reklama/atyrau;ppc_geo_atyrau;контекстная реклама атырау;"Новое вводное заказчика; частотность требует проверки";Новая — создать;NEW;P3;Региональные страницы — этап 3;"Уникальный локальный оффер, спрос и бизнес-контекст города, релевантные кейсы/доказательства, FAQ и CTA; не использовать копию с заменой топонима.";"Городской хаб: /web-studiya/atyrau; базовая услуга: /web-studiya/kontekstnaya-reklama";Не добавлять LocalBusiness/адрес офиса без фактического присутствия в городе.
Атырау;T2;Лидогенерация;/web-studiya/lidogeneratsiya;/web-studiya/lidogeneratsiya/atyrau;leadgen_geo_atyrau;лидогенерация атырау;"Новое вводное заказчика; частотность требует проверки";Новая — создать;NEW;P3;Региональные страницы — этап 3;"Уникальный локальный оффер, спрос и бизнес-контекст города, релевантные кейсы/доказательства, FAQ и CTA; не использовать копию с заменой топонима.";"Городской хаб: /web-studiya/atyrau; базовая услуга: /web-studiya/lidogeneratsiya";Не добавлять LocalBusiness/адрес офиса без фактического присутствия в городе.
Атырау;T2;Поддержка сайтов;/web-studiya/podderzhka-saytov;/web-studiya/podderzhka-saytov/atyrau;site_support_geo_atyrau;поддержка сайтов атырау;"Новое вводное заказчика; частотность требует проверки";Новая — создать;NEW;P3;Региональные страницы — этап 3;"Уникальный локальный оффер, спрос и бизнес-контекст города, релевантные кейсы/доказательства, FAQ и CTA; не использовать копию с заменой топонима.";"Городской хаб: /web-studiya/atyrau; базовая услуга: /web-studiya/podderzhka-saytov";Не добавлять LocalBusiness/адрес офиса без фактического присутствия в городе.
Атырау;T2;Digital-консалтинг;/web-studiya/digital-konsalting;/web-studiya/digital-konsalting/atyrau;digital_consulting_geo_atyrau;digital консалтинг атырау;"Новое вводное заказчика; частотность требует проверки";Новая — создать;NEW;P3;Региональные страницы — этап 3;"Уникальный локальный оффер, спрос и бизнес-контекст города, релевантные кейсы/доказательства, FAQ и CTA; не использовать копию с заменой топонима.";"Городской хаб: /web-studiya/atyrau; базовая услуга: /web-studiya/digital-konsalting";Не добавлять LocalBusiness/адрес офиса без фактического присутствия в городе.
Караганда;T1;Веб-студия;/web-studiya;/web-studiya/karaganda;webstudio_geo_karaganda;веб студия караганда;"Новое вводное заказчика; частотность требует проверки";Новая — создать;NEW;P1;Региональные страницы — этап 1;"Уникальный локальный оффер, спрос и бизнес-контекст города, релевантные кейсы/доказательства, FAQ и CTA; не использовать копию с заменой топонима.";"Городской хаб: /web-studiya/karaganda; базовая услуга: /web-studiya";Региональный хаб связывает восемь основных услуг города.
Караганда;T1;Создание сайтов;/sozdanie-saitov;/sozdanie-saitov-v-karagande;site_geo_karaganda;создание сайтов караганда;Существующий URL / GSC / прежняя карта;Существующая — сохранить и переработать;UPDATE;P1;Региональные страницы — этап 1;"Уникальный локальный оффер, спрос и бизнес-контекст города, релевантные кейсы/доказательства, FAQ и CTA; не использовать копию с заменой топонима.";"Городской хаб: /web-studiya/karaganda; базовая услуга: /sozdanie-saitov";Не добавлять LocalBusiness/адрес офиса без фактического присутствия в городе.
Караганда;T1;Услуги дизайнера;/web-studiya/dizayn;/web-studiya/dizayn/karaganda;design_geo_karaganda;услуги дизайнера караганда;"Новое вводное заказчика; частотность требует проверки";Новая — создать;NEW;P2;Региональные страницы — этап 2;"Уникальный локальный оффер, спрос и бизнес-контекст города, релевантные кейсы/доказательства, FAQ и CTA; не использовать копию с заменой топонима.";"Городской хаб: /web-studiya/karaganda; базовая услуга: /web-studiya/dizayn";Не добавлять LocalBusiness/адрес офиса без фактического присутствия в городе.
Караганда;T1;SEO-продвижение;/seo-prodvizhenie-sajtov;/seo-prodvizhenie-sajtov-v-karagande;seo_geo_karaganda;seo продвижение караганда;Существующий URL / GSC / прежняя карта;Существующая — сохранить и переработать;UPDATE;P1;Региональные страницы — этап 1;"Уникальный локальный оффер, спрос и бизнес-контекст города, релевантные кейсы/доказательства, FAQ и CTA; не использовать копию с заменой топонима.";"Городской хаб: /web-studiya/karaganda; базовая услуга: /seo-prodvizhenie-sajtov";Не добавлять LocalBusiness/адрес офиса без фактического присутствия в городе.
Караганда;T1;AEO/GEO-продвижение;/web-studiya/aeo-geo-prodvizhenie;/web-studiya/aeo-geo-prodvizhenie/karaganda;aeo_geo_karaganda;продвижение в ии поиске караганда;"Новое вводное заказчика; частотность требует проверки";Новая — создать;NEW;P2;Региональные страницы — этап 2;"Уникальный локальный оффер, спрос и бизнес-контекст города, релевантные кейсы/доказательства, FAQ и CTA; не использовать копию с заменой топонима.";"Городской хаб: /web-studiya/karaganda; базовая услуга: /web-studiya/aeo-geo-prodvizhenie";Не добавлять LocalBusiness/адрес офиса без фактического присутствия в городе.
Караганда;T1;Контекстная реклама;/web-studiya/kontekstnaya-reklama;/web-studiya/kontekstnaya-reklama/karaganda;ppc_geo_karaganda;контекстная реклама караганда;"Новое вводное заказчика; частотность требует проверки";Новая — создать;NEW;P2;Региональные страницы — этап 2;"Уникальный локальный оффер, спрос и бизнес-контекст города, релевантные кейсы/доказательства, FAQ и CTA; не использовать копию с заменой топонима.";"Городской хаб: /web-studiya/karaganda; базовая услуга: /web-studiya/kontekstnaya-reklama";Не добавлять LocalBusiness/адрес офиса без фактического присутствия в городе.
Караганда;T1;Лидогенерация;/web-studiya/lidogeneratsiya;/web-studiya/lidogeneratsiya/karaganda;leadgen_geo_karaganda;лидогенерация караганда;"Новое вводное заказчика; частотность требует проверки";Новая — создать;NEW;P2;Региональные страницы — этап 2;"Уникальный локальный оффер, спрос и бизнес-контекст города, релевантные кейсы/доказательства, FAQ и CTA; не использовать копию с заменой топонима.";"Городской хаб: /web-studiya/karaganda; базовая услуга: /web-studiya/lidogeneratsiya";Не добавлять LocalBusiness/адрес офиса без фактического присутствия в городе.
Караганда;T1;Поддержка сайтов;/web-studiya/podderzhka-saytov;/web-studiya/podderzhka-saytov/karaganda;site_support_geo_karaganda;поддержка сайтов караганда;"Новое вводное заказчика; частотность требует проверки";Новая — создать;NEW;P2;Региональные страницы — этап 2;"Уникальный локальный оффер, спрос и бизнес-контекст города, релевантные кейсы/доказательства, FAQ и CTA; не использовать копию с заменой топонима.";"Городской хаб: /web-studiya/karaganda; базовая услуга: /web-studiya/podderzhka-saytov";Не добавлять LocalBusiness/адрес офиса без фактического присутствия в городе.
Караганда;T1;Digital-консалтинг;/web-studiya/digital-konsalting;/web-studiya/digital-konsalting/karaganda;digital_consulting_geo_karaganda;digital консалтинг караганда;"Новое вводное заказчика; частотность требует проверки";Новая — создать;NEW;P2;Региональные страницы — этап 2;"Уникальный локальный оффер, спрос и бизнес-контекст города, релевантные кейсы/доказательства, FAQ и CTA; не использовать копию с заменой топонима.";"Городской хаб: /web-studiya/karaganda; базовая услуга: /web-studiya/digital-konsalting";Не добавлять LocalBusiness/адрес офиса без фактического присутствия в городе.
Кокшетау;T3;Веб-студия;/web-studiya;/web-studiya/kokshetau;webstudio_geo_kokshetau;веб студия кокшетау;"Новое вводное заказчика; частотность требует проверки";Новая — создать;NEW;P2;Региональные страницы — этап 2;"Уникальный локальный оффер, спрос и бизнес-контекст города, релевантные кейсы/доказательства, FAQ и CTA; не использовать копию с заменой топонима.";"Городской хаб: /web-studiya/kokshetau; базовая услуга: /web-studiya";Региональный хаб связывает восемь основных услуг города.
Кокшетау;T3;Создание сайтов;/sozdanie-saitov;/sozdanie-saitov-v-kokshetau;site_geo_kokshetau;создание сайтов кокшетау;"Новое вводное заказчика; частотность требует проверки";Новая — создать;NEW;P2;Региональные страницы — этап 2;"Уникальный локальный оффер, спрос и бизнес-контекст города, релевантные кейсы/доказательства, FAQ и CTA; не использовать копию с заменой топонима.";"Городской хаб: /web-studiya/kokshetau; базовая услуга: /sozdanie-saitov";Не добавлять LocalBusiness/адрес офиса без фактического присутствия в городе.
Кокшетау;T3;Услуги дизайнера;/web-studiya/dizayn;/web-studiya/dizayn/kokshetau;design_geo_kokshetau;услуги дизайнера кокшетау;"Новое вводное заказчика; частотность требует проверки";Новая — создать;NEW;P3;Региональные страницы — этап 3;"Уникальный локальный оффер, спрос и бизнес-контекст города, релевантные кейсы/доказательства, FAQ и CTA; не использовать копию с заменой топонима.";"Городской хаб: /web-studiya/kokshetau; базовая услуга: /web-studiya/dizayn";Не добавлять LocalBusiness/адрес офиса без фактического присутствия в городе.
Кокшетау;T3;SEO-продвижение;/seo-prodvizhenie-sajtov;/seo-prodvizhenie-sajtov-v-kokshetau;seo_geo_kokshetau;seo продвижение кокшетау;"Новое вводное заказчика; частотность требует проверки";Новая — создать;NEW;P2;Региональные страницы — этап 2;"Уникальный локальный оффер, спрос и бизнес-контекст города, релевантные кейсы/доказательства, FAQ и CTA; не использовать копию с заменой топонима.";"Городской хаб: /web-studiya/kokshetau; базовая услуга: /seo-prodvizhenie-sajtov";Не добавлять LocalBusiness/адрес офиса без фактического присутствия в городе.
Кокшетау;T3;AEO/GEO-продвижение;/web-studiya/aeo-geo-prodvizhenie;/web-studiya/aeo-geo-prodvizhenie/kokshetau;aeo_geo_kokshetau;продвижение в ии поиске кокшетау;"Новое вводное заказчика; частотность требует проверки";Новая — создать;NEW;P3;Региональные страницы — этап 3;"Уникальный локальный оффер, спрос и бизнес-контекст города, релевантные кейсы/доказательства, FAQ и CTA; не использовать копию с заменой топонима.";"Городской хаб: /web-studiya/kokshetau; базовая услуга: /web-studiya/aeo-geo-prodvizhenie";Не добавлять LocalBusiness/адрес офиса без фактического присутствия в городе.
Кокшетау;T3;Контекстная реклама;/web-studiya/kontekstnaya-reklama;/web-studiya/kontekstnaya-reklama/kokshetau;ppc_geo_kokshetau;контекстная реклама кокшетау;"Новое вводное заказчика; частотность требует проверки";Новая — создать;NEW;P3;Региональные страницы — этап 3;"Уникальный локальный оффер, спрос и бизнес-контекст города, релевантные кейсы/доказательства, FAQ и CTA; не использовать копию с заменой топонима.";"Городской хаб: /web-studiya/kokshetau; базовая услуга: /web-studiya/kontekstnaya-reklama";Не добавлять LocalBusiness/адрес офиса без фактического присутствия в городе.
Кокшетау;T3;Лидогенерация;/web-studiya/lidogeneratsiya;/web-studiya/lidogeneratsiya/kokshetau;leadgen_geo_kokshetau;лидогенерация кокшетау;"Новое вводное заказчика; частотность требует проверки";Новая — создать;NEW;P3;Региональные страницы — этап 3;"Уникальный локальный оффер, спрос и бизнес-контекст города, релевантные кейсы/доказательства, FAQ и CTA; не использовать копию с заменой топонима.";"Городской хаб: /web-studiya/kokshetau; базовая услуга: /web-studiya/lidogeneratsiya";Не добавлять LocalBusiness/адрес офиса без фактического присутствия в городе.
Кокшетау;T3;Поддержка сайтов;/web-studiya/podderzhka-saytov;/web-studiya/podderzhka-saytov/kokshetau;site_support_geo_kokshetau;поддержка сайтов кокшетау;"Новое вводное заказчика; частотность требует проверки";Новая — создать;NEW;P3;Региональные страницы — этап 3;"Уникальный локальный оффер, спрос и бизнес-контекст города, релевантные кейсы/доказательства, FAQ и CTA; не использовать копию с заменой топонима.";"Городской хаб: /web-studiya/kokshetau; базовая услуга: /web-studiya/podderzhka-saytov";Не добавлять LocalBusiness/адрес офиса без фактического присутствия в городе.
Кокшетау;T3;Digital-консалтинг;/web-studiya/digital-konsalting;/web-studiya/digital-konsalting/kokshetau;digital_consulting_geo_kokshetau;digital консалтинг кокшетау;"Новое вводное заказчика; частотность требует проверки";Новая — создать;NEW;P3;Региональные страницы — этап 3;"Уникальный локальный оффер, спрос и бизнес-контекст города, релевантные кейсы/доказательства, FAQ и CTA; не использовать копию с заменой топонима.";"Городской хаб: /web-studiya/kokshetau; базовая услуга: /web-studiya/digital-konsalting";Не добавлять LocalBusiness/адрес офиса без фактического присутствия в городе.
Костанай;T2;Веб-студия;/web-studiya;/web-studiya/kostanay;webstudio_geo_kostanay;веб студия костанай;"Новое вводное заказчика; частотность требует проверки";Новая — создать;NEW;P2;Региональные страницы — этап 2;"Уникальный локальный оффер, спрос и бизнес-контекст города, релевантные кейсы/доказательства, FAQ и CTA; не использовать копию с заменой топонима.";"Городской хаб: /web-studiya/kostanay; базовая услуга: /web-studiya";Региональный хаб связывает восемь основных услуг города.
Костанай;T2;Создание сайтов;/sozdanie-saitov;/sozdanie-saitov-v-kostanae;site_geo_kostanay;создание сайтов костанай;"Новое вводное заказчика; частотность требует проверки";Новая — создать;NEW;P2;Региональные страницы — этап 2;"Уникальный локальный оффер, спрос и бизнес-контекст города, релевантные кейсы/доказательства, FAQ и CTA; не использовать копию с заменой топонима.";"Городской хаб: /web-studiya/kostanay; базовая услуга: /sozdanie-saitov";Не добавлять LocalBusiness/адрес офиса без фактического присутствия в городе.
Костанай;T2;Услуги дизайнера;/web-studiya/dizayn;/web-studiya/dizayn/kostanay;design_geo_kostanay;услуги дизайнера костанай;"Новое вводное заказчика; частотность требует проверки";Новая — создать;NEW;P3;Региональные страницы — этап 3;"Уникальный локальный оффер, спрос и бизнес-контекст города, релевантные кейсы/доказательства, FAQ и CTA; не использовать копию с заменой топонима.";"Городской хаб: /web-studiya/kostanay; базовая услуга: /web-studiya/dizayn";Не добавлять LocalBusiness/адрес офиса без фактического присутствия в городе.
Костанай;T2;SEO-продвижение;/seo-prodvizhenie-sajtov;/seo-prodvizhenie-sajtov-v-kostanae;seo_geo_kostanay;seo продвижение костанай;"Новое вводное заказчика; частотность требует проверки";Новая — создать;NEW;P2;Региональные страницы — этап 2;"Уникальный локальный оффер, спрос и бизнес-контекст города, релевантные кейсы/доказательства, FAQ и CTA; не использовать копию с заменой топонима.";"Городской хаб: /web-studiya/kostanay; базовая услуга: /seo-prodvizhenie-sajtov";Не добавлять LocalBusiness/адрес офиса без фактического присутствия в городе.
Костанай;T2;AEO/GEO-продвижение;/web-studiya/aeo-geo-prodvizhenie;/web-studiya/aeo-geo-prodvizhenie/kostanay;aeo_geo_kostanay;продвижение в ии поиске костанай;"Новое вводное заказчика; частотность требует проверки";Новая — создать;NEW;P3;Региональные страницы — этап 3;"Уникальный локальный оффер, спрос и бизнес-контекст города, релевантные кейсы/доказательства, FAQ и CTA; не использовать копию с заменой топонима.";"Городской хаб: /web-studiya/kostanay; базовая услуга: /web-studiya/aeo-geo-prodvizhenie";Не добавлять LocalBusiness/адрес офиса без фактического присутствия в городе.
Костанай;T2;Контекстная реклама;/web-studiya/kontekstnaya-reklama;/web-studiya/kontekstnaya-reklama/kostanay;ppc_geo_kostanay;контекстная реклама костанай;"Новое вводное заказчика; частотность требует проверки";Новая — создать;NEW;P3;Региональные страницы — этап 3;"Уникальный локальный оффер, спрос и бизнес-контекст города, релевантные кейсы/доказательства, FAQ и CTA; не использовать копию с заменой топонима.";"Городской хаб: /web-studiya/kostanay; базовая услуга: /web-studiya/kontekstnaya-reklama";Не добавлять LocalBusiness/адрес офиса без фактического присутствия в городе.
Костанай;T2;Лидогенерация;/web-studiya/lidogeneratsiya;/web-studiya/lidogeneratsiya/kostanay;leadgen_geo_kostanay;лидогенерация костанай;"Новое вводное заказчика; частотность требует проверки";Новая — создать;NEW;P3;Региональные страницы — этап 3;"Уникальный локальный оффер, спрос и бизнес-контекст города, релевантные кейсы/доказательства, FAQ и CTA; не использовать копию с заменой топонима.";"Городской хаб: /web-studiya/kostanay; базовая услуга: /web-studiya/lidogeneratsiya";Не добавлять LocalBusiness/адрес офиса без фактического присутствия в городе.
Костанай;T2;Поддержка сайтов;/web-studiya/podderzhka-saytov;/web-studiya/podderzhka-saytov/kostanay;site_support_geo_kostanay;поддержка сайтов костанай;"Новое вводное заказчика; частотность требует проверки";Новая — создать;NEW;P3;Региональные страницы — этап 3;"Уникальный локальный оффер, спрос и бизнес-контекст города, релевантные кейсы/доказательства, FAQ и CTA; не использовать копию с заменой топонима.";"Городской хаб: /web-studiya/kostanay; базовая услуга: /web-studiya/podderzhka-saytov";Не добавлять LocalBusiness/адрес офиса без фактического присутствия в городе.
Костанай;T2;Digital-консалтинг;/web-studiya/digital-konsalting;/web-studiya/digital-konsalting/kostanay;digital_consulting_geo_kostanay;digital консалтинг костанай;"Новое вводное заказчика; частотность требует проверки";Новая — создать;NEW;P3;Региональные страницы — этап 3;"Уникальный локальный оффер, спрос и бизнес-контекст города, релевантные кейсы/доказательства, FAQ и CTA; не использовать копию с заменой топонима.";"Городской хаб: /web-studiya/kostanay; базовая услуга: /web-studiya/digital-konsalting";Не добавлять LocalBusiness/адрес офиса без фактического присутствия в городе.
Кызылорда;T3;Веб-студия;/web-studiya;/web-studiya/kyzylorda;webstudio_geo_kyzylorda;веб студия кызылорда;"Новое вводное заказчика; частотность требует проверки";Новая — создать;NEW;P2;Региональные страницы — этап 2;"Уникальный локальный оффер, спрос и бизнес-контекст города, релевантные кейсы/доказательства, FAQ и CTA; не использовать копию с заменой топонима.";"Городской хаб: /web-studiya/kyzylorda; базовая услуга: /web-studiya";Региональный хаб связывает восемь основных услуг города.
Кызылорда;T3;Создание сайтов;/sozdanie-saitov;/sozdanie-saitov-v-kyzylorde;site_geo_kyzylorda;создание сайтов кызылорда;"Новое вводное заказчика; частотность требует проверки";Новая — создать;NEW;P2;Региональные страницы — этап 2;"Уникальный локальный оффер, спрос и бизнес-контекст города, релевантные кейсы/доказательства, FAQ и CTA; не использовать копию с заменой топонима.";"Городской хаб: /web-studiya/kyzylorda; базовая услуга: /sozdanie-saitov";Не добавлять LocalBusiness/адрес офиса без фактического присутствия в городе.
Кызылорда;T3;Услуги дизайнера;/web-studiya/dizayn;/web-studiya/dizayn/kyzylorda;design_geo_kyzylorda;услуги дизайнера кызылорда;"Новое вводное заказчика; частотность требует проверки";Новая — создать;NEW;P3;Региональные страницы — этап 3;"Уникальный локальный оффер, спрос и бизнес-контекст города, релевантные кейсы/доказательства, FAQ и CTA; не использовать копию с заменой топонима.";"Городской хаб: /web-studiya/kyzylorda; базовая услуга: /web-studiya/dizayn";Не добавлять LocalBusiness/адрес офиса без фактического присутствия в городе.
Кызылорда;T3;SEO-продвижение;/seo-prodvizhenie-sajtov;/seo-prodvizhenie-sajtov-v-kyzylorde;seo_geo_kyzylorda;seo продвижение кызылорда;"Новое вводное заказчика; частотность требует проверки";Новая — создать;NEW;P2;Региональные страницы — этап 2;"Уникальный локальный оффер, спрос и бизнес-контекст города, релевантные кейсы/доказательства, FAQ и CTA; не использовать копию с заменой топонима.";"Городской хаб: /web-studiya/kyzylorda; базовая услуга: /seo-prodvizhenie-sajtov";Не добавлять LocalBusiness/адрес офиса без фактического присутствия в городе.
Кызылорда;T3;AEO/GEO-продвижение;/web-studiya/aeo-geo-prodvizhenie;/web-studiya/aeo-geo-prodvizhenie/kyzylorda;aeo_geo_kyzylorda;продвижение в ии поиске кызылорда;"Новое вводное заказчика; частотность требует проверки";Новая — создать;NEW;P3;Региональные страницы — этап 3;"Уникальный локальный оффер, спрос и бизнес-контекст города, релевантные кейсы/доказательства, FAQ и CTA; не использовать копию с заменой топонима.";"Городской хаб: /web-studiya/kyzylorda; базовая услуга: /web-studiya/aeo-geo-prodvizhenie";Не добавлять LocalBusiness/адрес офиса без фактического присутствия в городе.
Кызылорда;T3;Контекстная реклама;/web-studiya/kontekstnaya-reklama;/web-studiya/kontekstnaya-reklama/kyzylorda;ppc_geo_kyzylorda;контекстная реклама кызылорда;"Новое вводное заказчика; частотность требует проверки";Новая — создать;NEW;P3;Региональные страницы — этап 3;"Уникальный локальный оффер, спрос и бизнес-контекст города, релевантные кейсы/доказательства, FAQ и CTA; не использовать копию с заменой топонима.";"Городской хаб: /web-studiya/kyzylorda; базовая услуга: /web-studiya/kontekstnaya-reklama";Не добавлять LocalBusiness/адрес офиса без фактического присутствия в городе.
Кызылорда;T3;Лидогенерация;/web-studiya/lidogeneratsiya;/web-studiya/lidogeneratsiya/kyzylorda;leadgen_geo_kyzylorda;лидогенерация кызылорда;"Новое вводное заказчика; частотность требует проверки";Новая — создать;NEW;P3;Региональные страницы — этап 3;"Уникальный локальный оффер, спрос и бизнес-контекст города, релевантные кейсы/доказательства, FAQ и CTA; не использовать копию с заменой топонима.";"Городской хаб: /web-studiya/kyzylorda; базовая услуга: /web-studiya/lidogeneratsiya";Не добавлять LocalBusiness/адрес офиса без фактического присутствия в городе.
Кызылорда;T3;Поддержка сайтов;/web-studiya/podderzhka-saytov;/web-studiya/podderzhka-saytov/kyzylorda;site_support_geo_kyzylorda;поддержка сайтов кызылорда;"Новое вводное заказчика; частотность требует проверки";Новая — создать;NEW;P3;Региональные страницы — этап 3;"Уникальный локальный оффер, спрос и бизнес-контекст города, релевантные кейсы/доказательства, FAQ и CTA; не использовать копию с заменой топонима.";"Городской хаб: /web-studiya/kyzylorda; базовая услуга: /web-studiya/podderzhka-saytov";Не добавлять LocalBusiness/адрес офиса без фактического присутствия в городе.
Кызылорда;T3;Digital-консалтинг;/web-studiya/digital-konsalting;/web-studiya/digital-konsalting/kyzylorda;digital_consulting_geo_kyzylorda;digital консалтинг кызылорда;"Новое вводное заказчика; частотность требует проверки";Новая — создать;NEW;P3;Региональные страницы — этап 3;"Уникальный локальный оффер, спрос и бизнес-контекст города, релевантные кейсы/доказательства, FAQ и CTA; не использовать копию с заменой топонима.";"Городской хаб: /web-studiya/kyzylorda; базовая услуга: /web-studiya/digital-konsalting";Не добавлять LocalBusiness/адрес офиса без фактического присутствия в городе.
Павлодар;T2;Веб-студия;/web-studiya;/web-studiya/pavlodar;webstudio_geo_pavlodar;веб студия павлодар;"Новое вводное заказчика; частотность требует проверки";Новая — создать;NEW;P2;Региональные страницы — этап 2;"Уникальный локальный оффер, спрос и бизнес-контекст города, релевантные кейсы/доказательства, FAQ и CTA; не использовать копию с заменой топонима.";"Городской хаб: /web-studiya/pavlodar; базовая услуга: /web-studiya";Региональный хаб связывает восемь основных услуг города.
Павлодар;T2;Создание сайтов;/sozdanie-saitov;/sozdanie-saitov-v-pavlodare;site_geo_pavlodar;создание сайтов павлодар;"Новое вводное заказчика; частотность требует проверки";Новая — создать;NEW;P2;Региональные страницы — этап 2;"Уникальный локальный оффер, спрос и бизнес-контекст города, релевантные кейсы/доказательства, FAQ и CTA; не использовать копию с заменой топонима.";"Городской хаб: /web-studiya/pavlodar; базовая услуга: /sozdanie-saitov";Не добавлять LocalBusiness/адрес офиса без фактического присутствия в городе.
Павлодар;T2;Услуги дизайнера;/web-studiya/dizayn;/web-studiya/dizayn/pavlodar;design_geo_pavlodar;услуги дизайнера павлодар;"Новое вводное заказчика; частотность требует проверки";Новая — создать;NEW;P3;Региональные страницы — этап 3;"Уникальный локальный оффер, спрос и бизнес-контекст города, релевантные кейсы/доказательства, FAQ и CTA; не использовать копию с заменой топонима.";"Городской хаб: /web-studiya/pavlodar; базовая услуга: /web-studiya/dizayn";Не добавлять LocalBusiness/адрес офиса без фактического присутствия в городе.
Павлодар;T2;SEO-продвижение;/seo-prodvizhenie-sajtov;/seo-prodvizhenie-sajtov-v-pavlodare;seo_geo_pavlodar;seo продвижение павлодар;"Новое вводное заказчика; частотность требует проверки";Новая — создать;NEW;P2;Региональные страницы — этап 2;"Уникальный локальный оффер, спрос и бизнес-контекст города, релевантные кейсы/доказательства, FAQ и CTA; не использовать копию с заменой топонима.";"Городской хаб: /web-studiya/pavlodar; базовая услуга: /seo-prodvizhenie-sajtov";Не добавлять LocalBusiness/адрес офиса без фактического присутствия в городе.
Павлодар;T2;AEO/GEO-продвижение;/web-studiya/aeo-geo-prodvizhenie;/web-studiya/aeo-geo-prodvizhenie/pavlodar;aeo_geo_pavlodar;продвижение в ии поиске павлодар;"Новое вводное заказчика; частотность требует проверки";Новая — создать;NEW;P3;Региональные страницы — этап 3;"Уникальный локальный оффер, спрос и бизнес-контекст города, релевантные кейсы/доказательства, FAQ и CTA; не использовать копию с заменой топонима.";"Городской хаб: /web-studiya/pavlodar; базовая услуга: /web-studiya/aeo-geo-prodvizhenie";Не добавлять LocalBusiness/адрес офиса без фактического присутствия в городе.
Павлодар;T2;Контекстная реклама;/web-studiya/kontekstnaya-reklama;/web-studiya/kontekstnaya-reklama/pavlodar;ppc_geo_pavlodar;контекстная реклама павлодар;"Новое вводное заказчика; частотность требует проверки";Новая — создать;NEW;P3;Региональные страницы — этап 3;"Уникальный локальный оффер, спрос и бизнес-контекст города, релевантные кейсы/доказательства, FAQ и CTA; не использовать копию с заменой топонима.";"Городской хаб: /web-studiya/pavlodar; базовая услуга: /web-studiya/kontekstnaya-reklama";Не добавлять LocalBusiness/адрес офиса без фактического присутствия в городе.
Павлодар;T2;Лидогенерация;/web-studiya/lidogeneratsiya;/web-studiya/lidogeneratsiya/pavlodar;leadgen_geo_pavlodar;лидогенерация павлодар;"Новое вводное заказчика; частотность требует проверки";Новая — создать;NEW;P3;Региональные страницы — этап 3;"Уникальный локальный оффер, спрос и бизнес-контекст города, релевантные кейсы/доказательства, FAQ и CTA; не использовать копию с заменой топонима.";"Городской хаб: /web-studiya/pavlodar; базовая услуга: /web-studiya/lidogeneratsiya";Не добавлять LocalBusiness/адрес офиса без фактического присутствия в городе.
Павлодар;T2;Поддержка сайтов;/web-studiya/podderzhka-saytov;/web-studiya/podderzhka-saytov/pavlodar;site_support_geo_pavlodar;поддержка сайтов павлодар;"Новое вводное заказчика; частотность требует проверки";Новая — создать;NEW;P3;Региональные страницы — этап 3;"Уникальный локальный оффер, спрос и бизнес-контекст города, релевантные кейсы/доказательства, FAQ и CTA; не использовать копию с заменой топонима.";"Городской хаб: /web-studiya/pavlodar; базовая услуга: /web-studiya/podderzhka-saytov";Не добавлять LocalBusiness/адрес офиса без фактического присутствия в городе.
Павлодар;T2;Digital-консалтинг;/web-studiya/digital-konsalting;/web-studiya/digital-konsalting/pavlodar;digital_consulting_geo_pavlodar;digital консалтинг павлодар;"Новое вводное заказчика; частотность требует проверки";Новая — создать;NEW;P3;Региональные страницы — этап 3;"Уникальный локальный оффер, спрос и бизнес-контекст города, релевантные кейсы/доказательства, FAQ и CTA; не использовать копию с заменой топонима.";"Городской хаб: /web-studiya/pavlodar; базовая услуга: /web-studiya/digital-konsalting";Не добавлять LocalBusiness/адрес офиса без фактического присутствия в городе.
Петропавловск;T1;Веб-студия;/web-studiya;/web-studiya/petropavlovsk;webstudio_geo_petropavlovsk;веб студия петропавловск;"Новое вводное заказчика; частотность требует проверки";Новая — создать;NEW;P1;Региональные страницы — этап 1;"Уникальный локальный оффер, спрос и бизнес-контекст города, релевантные кейсы/доказательства, FAQ и CTA; не использовать копию с заменой топонима.";"Городской хаб: /web-studiya/petropavlovsk; базовая услуга: /web-studiya";Региональный хаб связывает восемь основных услуг города.
Петропавловск;T1;Создание сайтов;/sozdanie-saitov;/sozdanie-saitov-v-Petropavlovske;site_geo_petropavlovsk;создание сайтов петропавловск;Существующий URL / GSC / прежняя карта;Существующая — сохранить и переработать;UPDATE;P1;Региональные страницы — этап 1;"Уникальный локальный оффер, спрос и бизнес-контекст города, релевантные кейсы/доказательства, FAQ и CTA; не использовать копию с заменой топонима.";"Городской хаб: /web-studiya/petropavlovsk; базовая услуга: /sozdanie-saitov";Не добавлять LocalBusiness/адрес офиса без фактического присутствия в городе.
Петропавловск;T1;Услуги дизайнера;/web-studiya/dizayn;/web-studiya/dizayn/petropavlovsk;design_geo_petropavlovsk;услуги дизайнера петропавловск;"Новое вводное заказчика; частотность требует проверки";Новая — создать;NEW;P2;Региональные страницы — этап 2;"Уникальный локальный оффер, спрос и бизнес-контекст города, релевантные кейсы/доказательства, FAQ и CTA; не использовать копию с заменой топонима.";"Городской хаб: /web-studiya/petropavlovsk; базовая услуга: /web-studiya/dizayn";Не добавлять LocalBusiness/адрес офиса без фактического присутствия в городе.
Петропавловск;T1;SEO-продвижение;/seo-prodvizhenie-sajtov;/seo-prodvizhenie-sajtov-v-petropavlovske;seo_geo_petropavlovsk;seo продвижение петропавловск;Существующий URL / GSC / прежняя карта;Существующая — сохранить и переработать;UPDATE;P1;Региональные страницы — этап 1;"Уникальный локальный оффер, спрос и бизнес-контекст города, релевантные кейсы/доказательства, FAQ и CTA; не использовать копию с заменой топонима.";"Городской хаб: /web-studiya/petropavlovsk; базовая услуга: /seo-prodvizhenie-sajtov";Не добавлять LocalBusiness/адрес офиса без фактического присутствия в городе.
Петропавловск;T1;AEO/GEO-продвижение;/web-studiya/aeo-geo-prodvizhenie;/web-studiya/aeo-geo-prodvizhenie/petropavlovsk;aeo_geo_petropavlovsk;продвижение в ии поиске петропавловск;"Новое вводное заказчика; частотность требует проверки";Новая — создать;NEW;P2;Региональные страницы — этап 2;"Уникальный локальный оффер, спрос и бизнес-контекст города, релевантные кейсы/доказательства, FAQ и CTA; не использовать копию с заменой топонима.";"Городской хаб: /web-studiya/petropavlovsk; базовая услуга: /web-studiya/aeo-geo-prodvizhenie";Не добавлять LocalBusiness/адрес офиса без фактического присутствия в городе.
Петропавловск;T1;Контекстная реклама;/web-studiya/kontekstnaya-reklama;/web-studiya/kontekstnaya-reklama/petropavlovsk;ppc_geo_petropavlovsk;контекстная реклама петропавловск;"Новое вводное заказчика; частотность требует проверки";Новая — создать;NEW;P2;Региональные страницы — этап 2;"Уникальный локальный оффер, спрос и бизнес-контекст города, релевантные кейсы/доказательства, FAQ и CTA; не использовать копию с заменой топонима.";"Городской хаб: /web-studiya/petropavlovsk; базовая услуга: /web-studiya/kontekstnaya-reklama";Не добавлять LocalBusiness/адрес офиса без фактического присутствия в городе.
Петропавловск;T1;Лидогенерация;/web-studiya/lidogeneratsiya;/web-studiya/lidogeneratsiya/petropavlovsk;leadgen_geo_petropavlovsk;лидогенерация петропавловск;"Новое вводное заказчика; частотность требует проверки";Новая — создать;NEW;P2;Региональные страницы — этап 2;"Уникальный локальный оффер, спрос и бизнес-контекст города, релевантные кейсы/доказательства, FAQ и CTA; не использовать копию с заменой топонима.";"Городской хаб: /web-studiya/petropavlovsk; базовая услуга: /web-studiya/lidogeneratsiya";Не добавлять LocalBusiness/адрес офиса без фактического присутствия в городе.
Петропавловск;T1;Поддержка сайтов;/web-studiya/podderzhka-saytov;/web-studiya/podderzhka-saytov/petropavlovsk;site_support_geo_petropavlovsk;поддержка сайтов петропавловск;"Новое вводное заказчика; частотность требует проверки";Новая — создать;NEW;P2;Региональные страницы — этап 2;"Уникальный локальный оффер, спрос и бизнес-контекст города, релевантные кейсы/доказательства, FAQ и CTA; не использовать копию с заменой топонима.";"Городской хаб: /web-studiya/petropavlovsk; базовая услуга: /web-studiya/podderzhka-saytov";Не добавлять LocalBusiness/адрес офиса без фактического присутствия в городе.
Петропавловск;T1;Digital-консалтинг;/web-studiya/digital-konsalting;/web-studiya/digital-konsalting/petropavlovsk;digital_consulting_geo_petropavlovsk;digital консалтинг петропавловск;"Новое вводное заказчика; частотность требует проверки";Новая — создать;NEW;P2;Региональные страницы — этап 2;"Уникальный локальный оффер, спрос и бизнес-контекст города, релевантные кейсы/доказательства, FAQ и CTA; не использовать копию с заменой топонима.";"Городской хаб: /web-studiya/petropavlovsk; базовая услуга: /web-studiya/digital-konsalting";Не добавлять LocalBusiness/адрес офиса без фактического присутствия в городе.
Семей;T2;Веб-студия;/web-studiya;/web-studiya/semey;webstudio_geo_semey;веб студия семей;"Новое вводное заказчика; частотность требует проверки";Новая — создать;NEW;P2;Региональные страницы — этап 2;"Уникальный локальный оффер, спрос и бизнес-контекст города, релевантные кейсы/доказательства, FAQ и CTA; не использовать копию с заменой топонима.";"Городской хаб: /web-studiya/semey; базовая услуга: /web-studiya";Региональный хаб связывает восемь основных услуг города.
Семей;T2;Создание сайтов;/sozdanie-saitov;/sozdanie-saitov-v-semee;site_geo_semey;создание сайтов семей;"Новое вводное заказчика; частотность требует проверки";Новая — создать;NEW;P2;Региональные страницы — этап 2;"Уникальный локальный оффер, спрос и бизнес-контекст города, релевантные кейсы/доказательства, FAQ и CTA; не использовать копию с заменой топонима.";"Городской хаб: /web-studiya/semey; базовая услуга: /sozdanie-saitov";Не добавлять LocalBusiness/адрес офиса без фактического присутствия в городе.
Семей;T2;Услуги дизайнера;/web-studiya/dizayn;/web-studiya/dizayn/semey;design_geo_semey;услуги дизайнера семей;"Новое вводное заказчика; частотность требует проверки";Новая — создать;NEW;P3;Региональные страницы — этап 3;"Уникальный локальный оффер, спрос и бизнес-контекст города, релевантные кейсы/доказательства, FAQ и CTA; не использовать копию с заменой топонима.";"Городской хаб: /web-studiya/semey; базовая услуга: /web-studiya/dizayn";Не добавлять LocalBusiness/адрес офиса без фактического присутствия в городе.
Семей;T2;SEO-продвижение;/seo-prodvizhenie-sajtov;/seo-prodvizhenie-sajtov-v-semee;seo_geo_semey;seo продвижение семей;"Новое вводное заказчика; частотность требует проверки";Новая — создать;NEW;P2;Региональные страницы — этап 2;"Уникальный локальный оффер, спрос и бизнес-контекст города, релевантные кейсы/доказательства, FAQ и CTA; не использовать копию с заменой топонима.";"Городской хаб: /web-studiya/semey; базовая услуга: /seo-prodvizhenie-sajtov";Не добавлять LocalBusiness/адрес офиса без фактического присутствия в городе.
Семей;T2;AEO/GEO-продвижение;/web-studiya/aeo-geo-prodvizhenie;/web-studiya/aeo-geo-prodvizhenie/semey;aeo_geo_semey;продвижение в ии поиске семей;"Новое вводное заказчика; частотность требует проверки";Новая — создать;NEW;P3;Региональные страницы — этап 3;"Уникальный локальный оффер, спрос и бизнес-контекст города, релевантные кейсы/доказательства, FAQ и CTA; не использовать копию с заменой топонима.";"Городской хаб: /web-studiya/semey; базовая услуга: /web-studiya/aeo-geo-prodvizhenie";Не добавлять LocalBusiness/адрес офиса без фактического присутствия в городе.
Семей;T2;Контекстная реклама;/web-studiya/kontekstnaya-reklama;/web-studiya/kontekstnaya-reklama/semey;ppc_geo_semey;контекстная реклама семей;"Новое вводное заказчика; частотность требует проверки";Новая — создать;NEW;P3;Региональные страницы — этап 3;"Уникальный локальный оффер, спрос и бизнес-контекст города, релевантные кейсы/доказательства, FAQ и CTA; не использовать копию с заменой топонима.";"Городской хаб: /web-studiya/semey; базовая услуга: /web-studiya/kontekstnaya-reklama";Не добавлять LocalBusiness/адрес офиса без фактического присутствия в городе.
Семей;T2;Лидогенерация;/web-studiya/lidogeneratsiya;/web-studiya/lidogeneratsiya/semey;leadgen_geo_semey;лидогенерация семей;"Новое вводное заказчика; частотность требует проверки";Новая — создать;NEW;P3;Региональные страницы — этап 3;"Уникальный локальный оффер, спрос и бизнес-контекст города, релевантные кейсы/доказательства, FAQ и CTA; не использовать копию с заменой топонима.";"Городской хаб: /web-studiya/semey; базовая услуга: /web-studiya/lidogeneratsiya";Не добавлять LocalBusiness/адрес офиса без фактического присутствия в городе.
Семей;T2;Поддержка сайтов;/web-studiya/podderzhka-saytov;/web-studiya/podderzhka-saytov/semey;site_support_geo_semey;поддержка сайтов семей;"Новое вводное заказчика; частотность требует проверки";Новая — создать;NEW;P3;Региональные страницы — этап 3;"Уникальный локальный оффер, спрос и бизнес-контекст города, релевантные кейсы/доказательства, FAQ и CTA; не использовать копию с заменой топонима.";"Городской хаб: /web-studiya/semey; базовая услуга: /web-studiya/podderzhka-saytov";Не добавлять LocalBusiness/адрес офиса без фактического присутствия в городе.
Семей;T2;Digital-консалтинг;/web-studiya/digital-konsalting;/web-studiya/digital-konsalting/semey;digital_consulting_geo_semey;digital консалтинг семей;"Новое вводное заказчика; частотность требует проверки";Новая — создать;NEW;P3;Региональные страницы — этап 3;"Уникальный локальный оффер, спрос и бизнес-контекст города, релевантные кейсы/доказательства, FAQ и CTA; не использовать копию с заменой топонима.";"Городской хаб: /web-studiya/semey; базовая услуга: /web-studiya/digital-konsalting";Не добавлять LocalBusiness/адрес офиса без фактического присутствия в городе.
Талдыкорган;T3;Веб-студия;/web-studiya;/web-studiya/taldykorgan;webstudio_geo_taldykorgan;веб студия талдыкорган;"Новое вводное заказчика; частотность требует проверки";Новая — создать;NEW;P2;Региональные страницы — этап 2;"Уникальный локальный оффер, спрос и бизнес-контекст города, релевантные кейсы/доказательства, FAQ и CTA; не использовать копию с заменой топонима.";"Городской хаб: /web-studiya/taldykorgan; базовая услуга: /web-studiya";Региональный хаб связывает восемь основных услуг города.
Талдыкорган;T3;Создание сайтов;/sozdanie-saitov;/sozdanie-saitov-v-taldykorgane;site_geo_taldykorgan;создание сайтов талдыкорган;"Новое вводное заказчика; частотность требует проверки";Новая — создать;NEW;P2;Региональные страницы — этап 2;"Уникальный локальный оффер, спрос и бизнес-контекст города, релевантные кейсы/доказательства, FAQ и CTA; не использовать копию с заменой топонима.";"Городской хаб: /web-studiya/taldykorgan; базовая услуга: /sozdanie-saitov";Не добавлять LocalBusiness/адрес офиса без фактического присутствия в городе.
Талдыкорган;T3;Услуги дизайнера;/web-studiya/dizayn;/web-studiya/dizayn/taldykorgan;design_geo_taldykorgan;услуги дизайнера талдыкорган;"Новое вводное заказчика; частотность требует проверки";Новая — создать;NEW;P3;Региональные страницы — этап 3;"Уникальный локальный оффер, спрос и бизнес-контекст города, релевантные кейсы/доказательства, FAQ и CTA; не использовать копию с заменой топонима.";"Городской хаб: /web-studiya/taldykorgan; базовая услуга: /web-studiya/dizayn";Не добавлять LocalBusiness/адрес офиса без фактического присутствия в городе.
Талдыкорган;T3;SEO-продвижение;/seo-prodvizhenie-sajtov;/seo-prodvizhenie-sajtov-v-taldykorgane;seo_geo_taldykorgan;seo продвижение талдыкорган;"Новое вводное заказчика; частотность требует проверки";Новая — создать;NEW;P2;Региональные страницы — этап 2;"Уникальный локальный оффер, спрос и бизнес-контекст города, релевантные кейсы/доказательства, FAQ и CTA; не использовать копию с заменой топонима.";"Городской хаб: /web-studiya/taldykorgan; базовая услуга: /seo-prodvizhenie-sajtov";Не добавлять LocalBusiness/адрес офиса без фактического присутствия в городе.
Талдыкорган;T3;AEO/GEO-продвижение;/web-studiya/aeo-geo-prodvizhenie;/web-studiya/aeo-geo-prodvizhenie/taldykorgan;aeo_geo_taldykorgan;продвижение в ии поиске талдыкорган;"Новое вводное заказчика; частотность требует проверки";Новая — создать;NEW;P3;Региональные страницы — этап 3;"Уникальный локальный оффер, спрос и бизнес-контекст города, релевантные кейсы/доказательства, FAQ и CTA; не использовать копию с заменой топонима.";"Городской хаб: /web-studiya/taldykorgan; базовая услуга: /web-studiya/aeo-geo-prodvizhenie";Не добавлять LocalBusiness/адрес офиса без фактического присутствия в городе.
Талдыкорган;T3;Контекстная реклама;/web-studiya/kontekstnaya-reklama;/web-studiya/kontekstnaya-reklama/taldykorgan;ppc_geo_taldykorgan;контекстная реклама талдыкорган;"Новое вводное заказчика; частотность требует проверки";Новая — создать;NEW;P3;Региональные страницы — этап 3;"Уникальный локальный оффер, спрос и бизнес-контекст города, релевантные кейсы/доказательства, FAQ и CTA; не использовать копию с заменой топонима.";"Городской хаб: /web-studiya/taldykorgan; базовая услуга: /web-studiya/kontekstnaya-reklama";Не добавлять LocalBusiness/адрес офиса без фактического присутствия в городе.
Талдыкорган;T3;Лидогенерация;/web-studiya/lidogeneratsiya;/web-studiya/lidogeneratsiya/taldykorgan;leadgen_geo_taldykorgan;лидогенерация талдыкорган;"Новое вводное заказчика; частотность требует проверки";Новая — создать;NEW;P3;Региональные страницы — этап 3;"Уникальный локальный оффер, спрос и бизнес-контекст города, релевантные кейсы/доказательства, FAQ и CTA; не использовать копию с заменой топонима.";"Городской хаб: /web-studiya/taldykorgan; базовая услуга: /web-studiya/lidogeneratsiya";Не добавлять LocalBusiness/адрес офиса без фактического присутствия в городе.
Талдыкорган;T3;Поддержка сайтов;/web-studiya/podderzhka-saytov;/web-studiya/podderzhka-saytov/taldykorgan;site_support_geo_taldykorgan;поддержка сайтов талдыкорган;"Новое вводное заказчика; частотность требует проверки";Новая — создать;NEW;P3;Региональные страницы — этап 3;"Уникальный локальный оффер, спрос и бизнес-контекст города, релевантные кейсы/доказательства, FAQ и CTA; не использовать копию с заменой топонима.";"Городской хаб: /web-studiya/taldykorgan; базовая услуга: /web-studiya/podderzhka-saytov";Не добавлять LocalBusiness/адрес офиса без фактического присутствия в городе.
Талдыкорган;T3;Digital-консалтинг;/web-studiya/digital-konsalting;/web-studiya/digital-konsalting/taldykorgan;digital_consulting_geo_taldykorgan;digital консалтинг талдыкорган;"Новое вводное заказчика; частотность требует проверки";Новая — создать;NEW;P3;Региональные страницы — этап 3;"Уникальный локальный оффер, спрос и бизнес-контекст города, релевантные кейсы/доказательства, FAQ и CTA; не использовать копию с заменой топонима.";"Городской хаб: /web-studiya/taldykorgan; базовая услуга: /web-studiya/digital-konsalting";Не добавлять LocalBusiness/адрес офиса без фактического присутствия в городе.
Тараз;T2;Веб-студия;/web-studiya;/web-studiya/taraz;webstudio_geo_taraz;веб студия тараз;"Новое вводное заказчика; частотность требует проверки";Новая — создать;NEW;P2;Региональные страницы — этап 2;"Уникальный локальный оффер, спрос и бизнес-контекст города, релевантные кейсы/доказательства, FAQ и CTA; не использовать копию с заменой топонима.";"Городской хаб: /web-studiya/taraz; базовая услуга: /web-studiya";Региональный хаб связывает восемь основных услуг города.
Тараз;T2;Создание сайтов;/sozdanie-saitov;/sozdanie-saitov-v-taraze;site_geo_taraz;создание сайтов тараз;"Новое вводное заказчика; частотность требует проверки";Новая — создать;NEW;P2;Региональные страницы — этап 2;"Уникальный локальный оффер, спрос и бизнес-контекст города, релевантные кейсы/доказательства, FAQ и CTA; не использовать копию с заменой топонима.";"Городской хаб: /web-studiya/taraz; базовая услуга: /sozdanie-saitov";Не добавлять LocalBusiness/адрес офиса без фактического присутствия в городе.
Тараз;T2;Услуги дизайнера;/web-studiya/dizayn;/web-studiya/dizayn/taraz;design_geo_taraz;услуги дизайнера тараз;"Новое вводное заказчика; частотность требует проверки";Новая — создать;NEW;P3;Региональные страницы — этап 3;"Уникальный локальный оффер, спрос и бизнес-контекст города, релевантные кейсы/доказательства, FAQ и CTA; не использовать копию с заменой топонима.";"Городской хаб: /web-studiya/taraz; базовая услуга: /web-studiya/dizayn";Не добавлять LocalBusiness/адрес офиса без фактического присутствия в городе.
Тараз;T2;SEO-продвижение;/seo-prodvizhenie-sajtov;/seo-prodvizhenie-sajtov-v-taraze;seo_geo_taraz;seo продвижение тараз;"Новое вводное заказчика; частотность требует проверки";Новая — создать;NEW;P2;Региональные страницы — этап 2;"Уникальный локальный оффер, спрос и бизнес-контекст города, релевантные кейсы/доказательства, FAQ и CTA; не использовать копию с заменой топонима.";"Городской хаб: /web-studiya/taraz; базовая услуга: /seo-prodvizhenie-sajtov";Не добавлять LocalBusiness/адрес офиса без фактического присутствия в городе.
Тараз;T2;AEO/GEO-продвижение;/web-studiya/aeo-geo-prodvizhenie;/web-studiya/aeo-geo-prodvizhenie/taraz;aeo_geo_taraz;продвижение в ии поиске тараз;"Новое вводное заказчика; частотность требует проверки";Новая — создать;NEW;P3;Региональные страницы — этап 3;"Уникальный локальный оффер, спрос и бизнес-контекст города, релевантные кейсы/доказательства, FAQ и CTA; не использовать копию с заменой топонима.";"Городской хаб: /web-studiya/taraz; базовая услуга: /web-studiya/aeo-geo-prodvizhenie";Не добавлять LocalBusiness/адрес офиса без фактического присутствия в городе.
Тараз;T2;Контекстная реклама;/web-studiya/kontekstnaya-reklama;/web-studiya/kontekstnaya-reklama/taraz;ppc_geo_taraz;контекстная реклама тараз;"Новое вводное заказчика; частотность требует проверки";Новая — создать;NEW;P3;Региональные страницы — этап 3;"Уникальный локальный оффер, спрос и бизнес-контекст города, релевантные кейсы/доказательства, FAQ и CTA; не использовать копию с заменой топонима.";"Городской хаб: /web-studiya/taraz; базовая услуга: /web-studiya/kontekstnaya-reklama";Не добавлять LocalBusiness/адрес офиса без фактического присутствия в городе.
Тараз;T2;Лидогенерация;/web-studiya/lidogeneratsiya;/web-studiya/lidogeneratsiya/taraz;leadgen_geo_taraz;лидогенерация тараз;"Новое вводное заказчика; частотность требует проверки";Новая — создать;NEW;P3;Региональные страницы — этап 3;"Уникальный локальный оффер, спрос и бизнес-контекст города, релевантные кейсы/доказательства, FAQ и CTA; не использовать копию с заменой топонима.";"Городской хаб: /web-studiya/taraz; базовая услуга: /web-studiya/lidogeneratsiya";Не добавлять LocalBusiness/адрес офиса без фактического присутствия в городе.
Тараз;T2;Поддержка сайтов;/web-studiya/podderzhka-saytov;/web-studiya/podderzhka-saytov/taraz;site_support_geo_taraz;поддержка сайтов тараз;"Новое вводное заказчика; частотность требует проверки";Новая — создать;NEW;P3;Региональные страницы — этап 3;"Уникальный локальный оффер, спрос и бизнес-контекст города, релевантные кейсы/доказательства, FAQ и CTA; не использовать копию с заменой топонима.";"Городской хаб: /web-studiya/taraz; базовая услуга: /web-studiya/podderzhka-saytov";Не добавлять LocalBusiness/адрес офиса без фактического присутствия в городе.
Тараз;T2;Digital-консалтинг;/web-studiya/digital-konsalting;/web-studiya/digital-konsalting/taraz;digital_consulting_geo_taraz;digital консалтинг тараз;"Новое вводное заказчика; частотность требует проверки";Новая — создать;NEW;P3;Региональные страницы — этап 3;"Уникальный локальный оффер, спрос и бизнес-контекст города, релевантные кейсы/доказательства, FAQ и CTA; не использовать копию с заменой топонима.";"Городской хаб: /web-studiya/taraz; базовая услуга: /web-studiya/digital-konsalting";Не добавлять LocalBusiness/адрес офиса без фактического присутствия в городе.
Туркестан;T3;Веб-студия;/web-studiya;/web-studiya/turkestan;webstudio_geo_turkestan;веб студия туркестан;"Новое вводное заказчика; частотность требует проверки";Новая — создать;NEW;P2;Региональные страницы — этап 2;"Уникальный локальный оффер, спрос и бизнес-контекст города, релевантные кейсы/доказательства, FAQ и CTA; не использовать копию с заменой топонима.";"Городской хаб: /web-studiya/turkestan; базовая услуга: /web-studiya";Региональный хаб связывает восемь основных услуг города.
Туркестан;T3;Создание сайтов;/sozdanie-saitov;/sozdanie-saitov-v-turkestane;site_geo_turkestan;создание сайтов туркестан;"Новое вводное заказчика; частотность требует проверки";Новая — создать;NEW;P2;Региональные страницы — этап 2;"Уникальный локальный оффер, спрос и бизнес-контекст города, релевантные кейсы/доказательства, FAQ и CTA; не использовать копию с заменой топонима.";"Городской хаб: /web-studiya/turkestan; базовая услуга: /sozdanie-saitov";Не добавлять LocalBusiness/адрес офиса без фактического присутствия в городе.
Туркестан;T3;Услуги дизайнера;/web-studiya/dizayn;/web-studiya/dizayn/turkestan;design_geo_turkestan;услуги дизайнера туркестан;"Новое вводное заказчика; частотность требует проверки";Новая — создать;NEW;P3;Региональные страницы — этап 3;"Уникальный локальный оффер, спрос и бизнес-контекст города, релевантные кейсы/доказательства, FAQ и CTA; не использовать копию с заменой топонима.";"Городской хаб: /web-studiya/turkestan; базовая услуга: /web-studiya/dizayn";Не добавлять LocalBusiness/адрес офиса без фактического присутствия в городе.
Туркестан;T3;SEO-продвижение;/seo-prodvizhenie-sajtov;/seo-prodvizhenie-sajtov-v-turkestane;seo_geo_turkestan;seo продвижение туркестан;"Новое вводное заказчика; частотность требует проверки";Новая — создать;NEW;P2;Региональные страницы — этап 2;"Уникальный локальный оффер, спрос и бизнес-контекст города, релевантные кейсы/доказательства, FAQ и CTA; не использовать копию с заменой топонима.";"Городской хаб: /web-studiya/turkestan; базовая услуга: /seo-prodvizhenie-sajtov";Не добавлять LocalBusiness/адрес офиса без фактического присутствия в городе.
Туркестан;T3;AEO/GEO-продвижение;/web-studiya/aeo-geo-prodvizhenie;/web-studiya/aeo-geo-prodvizhenie/turkestan;aeo_geo_turkestan;продвижение в ии поиске туркестан;"Новое вводное заказчика; частотность требует проверки";Новая — создать;NEW;P3;Региональные страницы — этап 3;"Уникальный локальный оффер, спрос и бизнес-контекст города, релевантные кейсы/доказательства, FAQ и CTA; не использовать копию с заменой топонима.";"Городской хаб: /web-studiya/turkestan; базовая услуга: /web-studiya/aeo-geo-prodvizhenie";Не добавлять LocalBusiness/адрес офиса без фактического присутствия в городе.
Туркестан;T3;Контекстная реклама;/web-studiya/kontekstnaya-reklama;/web-studiya/kontekstnaya-reklama/turkestan;ppc_geo_turkestan;контекстная реклама туркестан;"Новое вводное заказчика; частотность требует проверки";Новая — создать;NEW;P3;Региональные страницы — этап 3;"Уникальный локальный оффер, спрос и бизнес-контекст города, релевантные кейсы/доказательства, FAQ и CTA; не использовать копию с заменой топонима.";"Городской хаб: /web-studiya/turkestan; базовая услуга: /web-studiya/kontekstnaya-reklama";Не добавлять LocalBusiness/адрес офиса без фактического присутствия в городе.
Туркестан;T3;Лидогенерация;/web-studiya/lidogeneratsiya;/web-studiya/lidogeneratsiya/turkestan;leadgen_geo_turkestan;лидогенерация туркестан;"Новое вводное заказчика; частотность требует проверки";Новая — создать;NEW;P3;Региональные страницы — этап 3;"Уникальный локальный оффер, спрос и бизнес-контекст города, релевантные кейсы/доказательства, FAQ и CTA; не использовать копию с заменой топонима.";"Городской хаб: /web-studiya/turkestan; базовая услуга: /web-studiya/lidogeneratsiya";Не добавлять LocalBusiness/адрес офиса без фактического присутствия в городе.
Туркестан;T3;Поддержка сайтов;/web-studiya/podderzhka-saytov;/web-studiya/podderzhka-saytov/turkestan;site_support_geo_turkestan;поддержка сайтов туркестан;"Новое вводное заказчика; частотность требует проверки";Новая — создать;NEW;P3;Региональные страницы — этап 3;"Уникальный локальный оффер, спрос и бизнес-контекст города, релевантные кейсы/доказательства, FAQ и CTA; не использовать копию с заменой топонима.";"Городской хаб: /web-studiya/turkestan; базовая услуга: /web-studiya/podderzhka-saytov";Не добавлять LocalBusiness/адрес офиса без фактического присутствия в городе.
Туркестан;T3;Digital-консалтинг;/web-studiya/digital-konsalting;/web-studiya/digital-konsalting/turkestan;digital_consulting_geo_turkestan;digital консалтинг туркестан;"Новое вводное заказчика; частотность требует проверки";Новая — создать;NEW;P3;Региональные страницы — этап 3;"Уникальный локальный оффер, спрос и бизнес-контекст города, релевантные кейсы/доказательства, FAQ и CTA; не использовать копию с заменой топонима.";"Городской хаб: /web-studiya/turkestan; базовая услуга: /web-studiya/digital-konsalting";Не добавлять LocalBusiness/адрес офиса без фактического присутствия в городе.
Уральск;T2;Веб-студия;/web-studiya;/web-studiya/uralsk;webstudio_geo_uralsk;веб студия уральск;"Новое вводное заказчика; частотность требует проверки";Новая — создать;NEW;P2;Региональные страницы — этап 2;"Уникальный локальный оффер, спрос и бизнес-контекст города, релевантные кейсы/доказательства, FAQ и CTA; не использовать копию с заменой топонима.";"Городской хаб: /web-studiya/uralsk; базовая услуга: /web-studiya";Региональный хаб связывает восемь основных услуг города.
Уральск;T2;Создание сайтов;/sozdanie-saitov;/sozdanie-saitov-v-uralske;site_geo_uralsk;создание сайтов уральск;"Новое вводное заказчика; частотность требует проверки";Новая — создать;NEW;P2;Региональные страницы — этап 2;"Уникальный локальный оффер, спрос и бизнес-контекст города, релевантные кейсы/доказательства, FAQ и CTA; не использовать копию с заменой топонима.";"Городской хаб: /web-studiya/uralsk; базовая услуга: /sozdanie-saitov";Не добавлять LocalBusiness/адрес офиса без фактического присутствия в городе.
Уральск;T2;Услуги дизайнера;/web-studiya/dizayn;/web-studiya/dizayn/uralsk;design_geo_uralsk;услуги дизайнера уральск;"Новое вводное заказчика; частотность требует проверки";Новая — создать;NEW;P3;Региональные страницы — этап 3;"Уникальный локальный оффер, спрос и бизнес-контекст города, релевантные кейсы/доказательства, FAQ и CTA; не использовать копию с заменой топонима.";"Городской хаб: /web-studiya/uralsk; базовая услуга: /web-studiya/dizayn";Не добавлять LocalBusiness/адрес офиса без фактического присутствия в городе.
Уральск;T2;SEO-продвижение;/seo-prodvizhenie-sajtov;/seo-prodvizhenie-sajtov-v-uralske;seo_geo_uralsk;seo продвижение уральск;"Новое вводное заказчика; частотность требует проверки";Новая — создать;NEW;P2;Региональные страницы — этап 2;"Уникальный локальный оффер, спрос и бизнес-контекст города, релевантные кейсы/доказательства, FAQ и CTA; не использовать копию с заменой топонима.";"Городской хаб: /web-studiya/uralsk; базовая услуга: /seo-prodvizhenie-sajtov";Не добавлять LocalBusiness/адрес офиса без фактического присутствия в городе.
Уральск;T2;AEO/GEO-продвижение;/web-studiya/aeo-geo-prodvizhenie;/web-studiya/aeo-geo-prodvizhenie/uralsk;aeo_geo_uralsk;продвижение в ии поиске уральск;"Новое вводное заказчика; частотность требует проверки";Новая — создать;NEW;P3;Региональные страницы — этап 3;"Уникальный локальный оффер, спрос и бизнес-контекст города, релевантные кейсы/доказательства, FAQ и CTA; не использовать копию с заменой топонима.";"Городской хаб: /web-studiya/uralsk; базовая услуга: /web-studiya/aeo-geo-prodvizhenie";Не добавлять LocalBusiness/адрес офиса без фактического присутствия в городе.
Уральск;T2;Контекстная реклама;/web-studiya/kontekstnaya-reklama;/web-studiya/kontekstnaya-reklama/uralsk;ppc_geo_uralsk;контекстная реклама уральск;"Новое вводное заказчика; частотность требует проверки";Новая — создать;NEW;P3;Региональные страницы — этап 3;"Уникальный локальный оффер, спрос и бизнес-контекст города, релевантные кейсы/доказательства, FAQ и CTA; не использовать копию с заменой топонима.";"Городской хаб: /web-studiya/uralsk; базовая услуга: /web-studiya/kontekstnaya-reklama";Не добавлять LocalBusiness/адрес офиса без фактического присутствия в городе.
Уральск;T2;Лидогенерация;/web-studiya/lidogeneratsiya;/web-studiya/lidogeneratsiya/uralsk;leadgen_geo_uralsk;лидогенерация уральск;"Новое вводное заказчика; частотность требует проверки";Новая — создать;NEW;P3;Региональные страницы — этап 3;"Уникальный локальный оффер, спрос и бизнес-контекст города, релевантные кейсы/доказательства, FAQ и CTA; не использовать копию с заменой топонима.";"Городской хаб: /web-studiya/uralsk; базовая услуга: /web-studiya/lidogeneratsiya";Не добавлять LocalBusiness/адрес офиса без фактического присутствия в городе.
Уральск;T2;Поддержка сайтов;/web-studiya/podderzhka-saytov;/web-studiya/podderzhka-saytov/uralsk;site_support_geo_uralsk;поддержка сайтов уральск;"Новое вводное заказчика; частотность требует проверки";Новая — создать;NEW;P3;Региональные страницы — этап 3;"Уникальный локальный оффер, спрос и бизнес-контекст города, релевантные кейсы/доказательства, FAQ и CTA; не использовать копию с заменой топонима.";"Городской хаб: /web-studiya/uralsk; базовая услуга: /web-studiya/podderzhka-saytov";Не добавлять LocalBusiness/адрес офиса без фактического присутствия в городе.
Уральск;T2;Digital-консалтинг;/web-studiya/digital-konsalting;/web-studiya/digital-konsalting/uralsk;digital_consulting_geo_uralsk;digital консалтинг уральск;"Новое вводное заказчика; частотность требует проверки";Новая — создать;NEW;P3;Региональные страницы — этап 3;"Уникальный локальный оффер, спрос и бизнес-контекст города, релевантные кейсы/доказательства, FAQ и CTA; не использовать копию с заменой топонима.";"Городской хаб: /web-studiya/uralsk; базовая услуга: /web-studiya/digital-konsalting";Не добавлять LocalBusiness/адрес офиса без фактического присутствия в городе.
Усть-Каменогорск;T2;Веб-студия;/web-studiya;/web-studiya/ust-kamenogorsk;webstudio_geo_ust_kamenogorsk;веб студия усть-каменогорск;"Новое вводное заказчика; частотность требует проверки";Новая — создать;NEW;P2;Региональные страницы — этап 2;"Уникальный локальный оффер, спрос и бизнес-контекст города, релевантные кейсы/доказательства, FAQ и CTA; не использовать копию с заменой топонима.";"Городской хаб: /web-studiya/ust-kamenogorsk; базовая услуга: /web-studiya";Региональный хаб связывает восемь основных услуг города.
Усть-Каменогорск;T2;Создание сайтов;/sozdanie-saitov;/sozdanie-saitov-v-ust-kamenogorske;site_geo_ust_kamenogorsk;создание сайтов усть-каменогорск;"Новое вводное заказчика; частотность требует проверки";Новая — создать;NEW;P2;Региональные страницы — этап 2;"Уникальный локальный оффер, спрос и бизнес-контекст города, релевантные кейсы/доказательства, FAQ и CTA; не использовать копию с заменой топонима.";"Городской хаб: /web-studiya/ust-kamenogorsk; базовая услуга: /sozdanie-saitov";Не добавлять LocalBusiness/адрес офиса без фактического присутствия в городе.
Усть-Каменогорск;T2;Услуги дизайнера;/web-studiya/dizayn;/web-studiya/dizayn/ust-kamenogorsk;design_geo_ust_kamenogorsk;услуги дизайнера усть-каменогорск;"Новое вводное заказчика; частотность требует проверки";Новая — создать;NEW;P3;Региональные страницы — этап 3;"Уникальный локальный оффер, спрос и бизнес-контекст города, релевантные кейсы/доказательства, FAQ и CTA; не использовать копию с заменой топонима.";"Городской хаб: /web-studiya/ust-kamenogorsk; базовая услуга: /web-studiya/dizayn";Не добавлять LocalBusiness/адрес офиса без фактического присутствия в городе.
Усть-Каменогорск;T2;SEO-продвижение;/seo-prodvizhenie-sajtov;/seo-prodvizhenie-sajtov-v-ust-kamenogorske;seo_geo_ust_kamenogorsk;seo продвижение усть-каменогорск;"Новое вводное заказчика; частотность требует проверки";Новая — создать;NEW;P2;Региональные страницы — этап 2;"Уникальный локальный оффер, спрос и бизнес-контекст города, релевантные кейсы/доказательства, FAQ и CTA; не использовать копию с заменой топонима.";"Городской хаб: /web-studiya/ust-kamenogorsk; базовая услуга: /seo-prodvizhenie-sajtov";Не добавлять LocalBusiness/адрес офиса без фактического присутствия в городе.
Усть-Каменогорск;T2;AEO/GEO-продвижение;/web-studiya/aeo-geo-prodvizhenie;/web-studiya/aeo-geo-prodvizhenie/ust-kamenogorsk;aeo_geo_ust_kamenogorsk;продвижение в ии поиске усть-каменогорск;"Новое вводное заказчика; частотность требует проверки";Новая — создать;NEW;P3;Региональные страницы — этап 3;"Уникальный локальный оффер, спрос и бизнес-контекст города, релевантные кейсы/доказательства, FAQ и CTA; не использовать копию с заменой топонима.";"Городской хаб: /web-studiya/ust-kamenogorsk; базовая услуга: /web-studiya/aeo-geo-prodvizhenie";Не добавлять LocalBusiness/адрес офиса без фактического присутствия в городе.
Усть-Каменогорск;T2;Контекстная реклама;/web-studiya/kontekstnaya-reklama;/web-studiya/kontekstnaya-reklama/ust-kamenogorsk;ppc_geo_ust_kamenogorsk;контекстная реклама усть-каменогорск;"Новое вводное заказчика; частотность требует проверки";Новая — создать;NEW;P3;Региональные страницы — этап 3;"Уникальный локальный оффер, спрос и бизнес-контекст города, релевантные кейсы/доказательства, FAQ и CTA; не использовать копию с заменой топонима.";"Городской хаб: /web-studiya/ust-kamenogorsk; базовая услуга: /web-studiya/kontekstnaya-reklama";Не добавлять LocalBusiness/адрес офиса без фактического присутствия в городе.
Усть-Каменогорск;T2;Лидогенерация;/web-studiya/lidogeneratsiya;/web-studiya/lidogeneratsiya/ust-kamenogorsk;leadgen_geo_ust_kamenogorsk;лидогенерация усть-каменогорск;"Новое вводное заказчика; частотность требует проверки";Новая — создать;NEW;P3;Региональные страницы — этап 3;"Уникальный локальный оффер, спрос и бизнес-контекст города, релевантные кейсы/доказательства, FAQ и CTA; не использовать копию с заменой топонима.";"Городской хаб: /web-studiya/ust-kamenogorsk; базовая услуга: /web-studiya/lidogeneratsiya";Не добавлять LocalBusiness/адрес офиса без фактического присутствия в городе.
Усть-Каменогорск;T2;Поддержка сайтов;/web-studiya/podderzhka-saytov;/web-studiya/podderzhka-saytov/ust-kamenogorsk;site_support_geo_ust_kamenogorsk;поддержка сайтов усть-каменогорск;"Новое вводное заказчика; частотность требует проверки";Новая — создать;NEW;P3;Региональные страницы — этап 3;"Уникальный локальный оффер, спрос и бизнес-контекст города, релевантные кейсы/доказательства, FAQ и CTA; не использовать копию с заменой топонима.";"Городской хаб: /web-studiya/ust-kamenogorsk; базовая услуга: /web-studiya/podderzhka-saytov";Не добавлять LocalBusiness/адрес офиса без фактического присутствия в городе.
Усть-Каменогорск;T2;Digital-консалтинг;/web-studiya/digital-konsalting;/web-studiya/digital-konsalting/ust-kamenogorsk;digital_consulting_geo_ust_kamenogorsk;digital консалтинг усть-каменогорск;"Новое вводное заказчика; частотность требует проверки";Новая — создать;NEW;P3;Региональные страницы — этап 3;"Уникальный локальный оффер, спрос и бизнес-контекст города, релевантные кейсы/доказательства, FAQ и CTA; не использовать копию с заменой топонима.";"Городской хаб: /web-studiya/ust-kamenogorsk; базовая услуга: /web-studiya/digital-konsalting";Не добавлять LocalBusiness/адрес офиса без фактического присутствия в городе.
